﻿<?xml version="1.0" encoding="utf-8" standalone="yes"?>
<Parameters>
  <Connection>
    <DeviceParameters>/IF=tcpip /LOPO=11159 /SA=1</DeviceParameters>
    <ConnectionParameters>/RT=1000 /AM=* /SDT=5 /DAIP=10.0.1.14 /REPO=11159 /ANSL=1 /PT=11169</ConnectionParameters>
  </Connection>
  <AsProject>
    <ApjFullFileName>C:\Users\admin\Desktop\KRBO0222\lab3\SDCAxis.apj</ApjFullFileName>
    <ProjectName>SDCAxis</ProjectName>
    <ActiveConfigurationName>Real</ActiveConfigurationName>
    <LicenseDataFolder>C:\Users\admin\Desktop\KRBO0222\lab3\Temp\Objects\Real\4PP065_0571_P74</LicenseDataFolder>
  </AsProject>
  <General>
    <DeleteParameterFile>false</DeleteParameterFile>
  </General>
</Parameters>