<?xml version="1.0" encoding="utf-8"?>
<TOC>
	<ITEM ID="FILE" OS="1" NAME="AR000.exe" DIR="" SIZE="6120032" MODIFIED="2018-12-05 23:57:18" WRITECMD="3" CLASS="Os" HASH="" HASHVALUE="3F216F672F9222AEBA26115D0DDE3361" PROJECTDEPENDENT="1" IGNOREDIFFERENCE="0" />
	<ITEM ID="FILE" OS="1" NAME="AR000Debug.exe" DIR="" SIZE="62560" MODIFIED="2018-12-05 23:57:18" WRITECMD="3" CLASS="Os" HASH="" HASHVALUE="9AA3AD473ADBB7D455BA9A10D8CAD9F6" PROJECTDEPENDENT="1" IGNOREDIFFERENCE="0" />
	<ITEM ID="FILE" OS="1" NAME="InaFrm.dll" DIR="" SIZE="73728" MODIFIED="2018-12-05 23:57:18" WRITECMD="3" CLASS="Os" HASH="" HASHVALUE="3DEEAB31E0CF16086A7F6BFCB99C22BF" PROJECTDEPENDENT="1" IGNOREDIFFERENCE="0" />
	<ITEM ID="FILE" OS="1" NAME="Packet.dll" DIR="" SIZE="90112" MODIFIED="2018-12-05 23:57:18" WRITECMD="3" CLASS="Os" HASH="" HASHVALUE="8311123D9587273202671A5B8634C9F3" PROJECTDEPENDENT="1" IGNOREDIFFERENCE="0" />
	<ITEM ID="FILE" OS="1" NAME="PviLog.dll" DIR="" SIZE="106543" MODIFIED="2018-12-05 23:57:18" WRITECMD="3" CLASS="Os" HASH="" HASHVALUE="E5ED364ACA28CB656437ADA36FAC0F5B" PROJECTDEPENDENT="1" IGNOREDIFFERENCE="0" />
	<ITEM ID="FILE" OS="1" NAME="ar000loader.exe" DIR="" SIZE="3426400" MODIFIED="2018-12-05 23:57:18" WRITECMD="3" CLASS="Os" HASH="" HASHVALUE="FBA57034C60211B860D8BA3AE0AFA114" PROJECTDEPENDENT="1" IGNOREDIFFERENCE="0" />
	<ITEM ID="FILE" OS="1" NAME="ar000stop.exe" DIR="" SIZE="16992" MODIFIED="2018-12-05 23:57:18" WRITECMD="3" CLASS="Os" HASH="" HASHVALUE="A5B25105DD545EED5CD6DE29C91DA071" PROJECTDEPENDENT="1" IGNOREDIFFERENCE="0" />
	<ITEM ID="FILE" OS="1" NAME="arUpd.bat" DIR="" SIZE="1124" MODIFIED="2018-12-05 23:57:18" WRITECMD="3" CLASS="Os" HASH="" HASHVALUE="0503FA0EA6E89C381DB4F0A593073062" PROJECTDEPENDENT="1" IGNOREDIFFERENCE="0" />
	<ITEM ID="FILE" OS="1" NAME="fscfg.xml" DIR="System/TOC" SIZE="5871" MODIFIED="2018-12-05 23:57:18" CLASS="Os" HASH="" HASHVALUE="D170C6DA32DCE485C188D306314D91FE" PROJECTDEPENDENT="1" IGNOREDIFFERENCE="0" />
	<ITEM ID="FILE" OS="1" NAME="wpcap.dll" DIR="" SIZE="274432" MODIFIED="2018-12-05 23:57:18" WRITECMD="3" CLASS="Os" HASH="" HASHVALUE="A356ACA4C981AADE2173331BCDB3587A" PROJECTDEPENDENT="1" IGNOREDIFFERENCE="0" />
</TOC>
