﻿<?xml version="1.0" encoding="utf-8" standalone="yes"?>
<Parameters>
  <Connection>
    <DeviceParameters>/IF=tcpip /LOPO=11159 /SA=1</DeviceParameters>
    <ConnectionParameters>/RT=1000 /DAIP=127.0.0.1 /REPO=11160 /ANSL=1 /AM=* /PT=11169</ConnectionParameters>
  </Connection>
  <AsProject>
    <ApjFullFileName>C:\Users\admin\Desktop\KRBO0222\lab2\DriveControl.apj</ApjFullFileName>
    <ProjectName>DriveControl</ProjectName>
    <ActiveConfigurationName>SampleText</ActiveConfigurationName>
    <LicenseDataFolder>C:\Users\admin\Desktop\KRBO0222\lab2\Temp\Objects\SampleText\4PP065_0571_P74</LicenseDataFolder>
  </AsProject>
  <General>
    <DeleteParameterFile>false</DeleteParameterFile>
  </General>
</Parameters>