<?xml version="1.0"?>
<?AutomationRuntimeIOSystem Version = 2.5.0.7?>
<ChannelConfiguration xmlns="http://www.br-automation.com/AR/IO">
  <Module ID="$root" Hardware="4PP065.0571-P74" HardwareModuleName="4PP065_0571_P74" ModuleID="1">
    <Channel ID="SerialNumber" Description="Serial number" Ext="/HW" Address="0" Direction="IN" Type="UDINT" Sig_St_Udint="1" ChannelType="SerialNumber" />
    <Channel ID="ModuleID" Description="Module ID" Ext="/HW" Address="1" Direction="IN" Type="UINT" ChannelType="GenericFuncCall" Function="mtcxGetDeviceId" Sig_St_Uint="1" />
    <Channel ID="PowerOnCycles" Description="PowerOnCycles of PC" Ext="/HW" Address="2" Direction="IN" Type="UDINT" ChannelType="GenericFuncCall" Function="mtcxGetPowerOnCycles" />
    <Channel ID="OperatingHoursPP" Description="Operating hours of PP [h]" Ext="/HW" Address="3" Direction="IN" Type="UDINT" ChannelType="GenericFuncCall" Function="mtcxGetOperatingHoursPC" CyclicUpdate="1" />
    <Channel ID="BatteryStatusCPU" Description="Battery status CPU (0 = battery low or missing, 1 = battery ok)" Ext="/HW" Address="4" Direction="IN" Type="USINT" Sig_St_Byte="1" ChannelType="Battery" BatteryDetectionMethod="1" Ordinal="2" />
    <Channel ID="TemperatureCPU" Description="Temperature CPU [1/10C]" Ext="/HW" Address="5" Direction="IN" Type="UINT" Sig_Temp_CpuTemp="1" ChannelType="Temp" Ordinal="1" />
    <Channel ID="TemperatureENV" Description="Temperature cooling plate [1/10C]" Ext="/HW" Address="6" Direction="IN" Type="UINT" Sig_Temp_CpuTemp="1" ChannelType="Temp" Ordinal="2" />
    <Channel ID="SystemTime" Description="System time at the start of the current task cycle [µs]" Ext="/HW" Address="7" Direction="IN" Type="DINT" Sig_St_Dint="1" ChannelType="SystemTime" />
    <Channel ID="IF4.LinkOk" Description="Link state" FromVersion="P2.90" Ext="/INFO" Address="0x8000001A" BitOffset="0" Direction="IN" Type="BOOL" Sig_St_Bool="1" />
    <Channel ID="IF4.NodeNumber" Description="Node number currently in use" FromVersion="B2.87" Ext="/INFO" Direction="IN" Type="USINT" Sig_St_Usint="1" />
    <Channel ID="IF4.CycleOk" Description="Indication for proper cyclic operation (1 = operational)" FromVersion="B2.87" Ext="/INFO" Direction="IN" Type="BOOL" Sig_St_Bool="1" />
    <Channel ID="IF4.SyncOk" Description="Indication for a synchronized POWERLINK-system (1 = synchronized)" FromVersion="B2.87" Ext="/INFO" Direction="IN" Type="BOOL" Sig_St_Bool="1" />
    <Channel ID="IF4.TimeSeconds" Description="Absolute time extracted from current SoC-Frame (NetTime in POWERLINK V2) - Seconds" FromVersion="M2.90" Ext="/INFO" Direction="IN" Type="UDINT" Sig_St_Udint="1" />
    <Channel ID="IF4.TimeNanoseconds" Description="Absolute time extracted from current SoC-Frame (NetTime in POWERLINK V2) - Nanoseconds" FromVersion="M2.90" Ext="/INFO" Direction="IN" Type="UDINT" Sig_St_Udint="1" />
    <Channel ID="IF4.NettimeSoC" Description="Network time extracted from current SoC-Frame [µs] (RelativeTime in POWERLINK V2)" FromVersion="B2.87" Ext="/INFO" Direction="IN" Type="DINT" Sig_St_Dint="1" />
    <Channel ID="IF4.NettimeOffset" Description="Network time offset to local system time [µs]" FromVersion="B2.87" Ext="/INFO" Direction="IN" Type="DINT" Sig_St_Dint="1" />
    <Channel ID="IF4.CycleCount" Description="Overall number of bus cycles" FromVersion="I2.85" Ext="/INFO" Direction="IN" Type="UDINT" Sig_St_Udint="1" />
    <Channel ID="IF4.FailedCycleCount" Description="Number of failed bus cycles" FromVersion="I2.85" Ext="/INFO" Direction="IN" Type="UDINT" Sig_St_Udint="1" />
    <Channel ID="IF4.CycleTimeViolationCount" Description="Number of cycle time violations" FromVersion="I2.85" Ext="/INFO" Direction="IN" Type="UDINT" Sig_St_Udint="1" />
    <Channel ID="IF4.CycleIdleTime" Description="Unoccupied time during one POWERLINK cycle [µs]" FromVersion="B2.87" Ext="/INFO" Direction="IN" Type="UDINT" Sig_St_Udint="1" />
    <Channel ID="IF4.CycleCongestionCount" Description="allways 0, available for legacy projects" FromVersion="B2.87" Ext="/INFO" Direction="IN" Type="UDINT" Sig_St_Udint="1" />
    <Channel ID="IF5.NodeSwitch" Description="Node switch" Ext="/HW" Address="8" Direction="IN" Type="USINT" Sig_St_Byte="1" ChannelType="Node" Device="PCI.IF5" />
  </Module>
  <Module ID="IF4.ST2" Hardware="X20BC0083" HardwareModuleName="X20BC0083" ModuleID="17">
    <Channel ID="ModuleOk" Description="Module status (1 = module present)" FromVersion="C2.87" Ext="/OK" Address="0" Direction="IN" Type="BOOL" Sig_St_Bool="1" />
    <Channel ID="SerialNumber" Description="Serial number" FromVersion="A3.08" Ext="/INFO" Address="4" Direction="IN" Type="UDINT" Sig_St_Udint="1" />
    <Channel ID="ModuleID" Description="Module ID" FromVersion="A3.08" Ext="/INFO" Address="10" Direction="IN" Type="UINT" Sig_St_Uint="1" />
    <Channel ID="HardwareVariant" Description="Hardware variant" FromVersion="A3.08" Ext="/INFO" Address="12" Direction="IN" Type="UINT" Sig_St_Uint="1" />
    <Channel ID="FirmwareVersion" Description="Firmware version" FromVersion="A3.08" Ext="/INFO" Address="14" Direction="IN" Type="UINT" Sig_St_Uint="1" />
    <Channel ID="EthRxLost" Description="Number of lost Rx-Frames" FromVersion="C2.87" Ext="/INFO" Address="0x80000402" Direction="IN" Type="DINT" Sig_St_Dint="1" />
    <Channel ID="EthRxOversize" Description="Number of received oversized frames &gt; 1500 Bytes" FromVersion="C2.87" Ext="/INFO" Address="0x80000403" Direction="IN" Type="DINT" Sig_St_Dint="1" />
    <Channel ID="EthRxCRCError" Description="Number of Rx-Frames with wrong CRC" FromVersion="C2.87" Ext="/INFO" Address="0x80000404" Direction="IN" Type="DINT" Sig_St_Dint="1" />
    <Channel ID="EthRxOverflow" Description="Number of lost Rx-Frames due to performance shortage on BC" FromVersion="C2.87" Ext="/INFO" Address="0x80000405" Direction="IN" Type="DINT" Sig_St_Dint="1" />
    <Channel ID="EthTxCollision" Description="Number of collisions on ethernet while BC sending" FromVersion="C2.87" Ext="/INFO" Address="0x80000406" Direction="IN" Type="DINT" Sig_St_Dint="1" />
    <Channel ID="EthPhy1LinkOk" Description="Link of interface 1 is active" FromVersion="A2.94" Ext="/INFO" Address="0x80000417" BitOffset="0" Direction="IN" Type="BOOL" Sig_St_Bool="1" />
    <Channel ID="EthPhy1LinkLoss" Description="Increments each time when link of physical interface 1 is lost" FromVersion="C2.87" Ext="/INFO" Address="0x80000410" Direction="IN" Type="DINT" Sig_Counter_Dint="1" />
    <Channel ID="EthPhy2LinkOk" Description="Link of interface 2 is active" FromVersion="A2.94" Ext="/INFO" Address="0x80000417" BitOffset="1" Direction="IN" Type="BOOL" Sig_St_Bool="1" />
    <Channel ID="EthPhy2LinkLoss" Description="Increments each time when link of physical interface 2 is lost" FromVersion="C2.87" Ext="/INFO" Address="0x80000411" Direction="IN" Type="DINT" Sig_Counter_Dint="1" />
    <Channel ID="Nettime" Description="Nettime of cycle receiving the Poll Response of the station" FromVersion="I4.02" Ext="/INFO" Address="0x80000450" Direction="IN" Type="DINT" Sig_Counter_Dint="1" />
  </Module>
  <Module ID="IF4.ST2" Hardware="X20BB80" HardwareModuleName="X20BB80" ModuleID="13">
    <Channel ID="IF1.CycleCount" Description="Number of bus cycles" FromVersion="C2.87" Ext="/INFO" Address="0x80000100" Direction="IN" Type="DINT" Sig_St_Dint="1" Resource="IF1" />
    <Channel ID="IF1.BreakCount" Description="Number of bus cycles with set break signal" FromVersion="C2.87" Ext="/INFO" Address="0x80000101" Direction="IN" Type="DINT" Sig_St_Dint="1" Resource="IF1" />
    <Channel ID="IF1.SyncErrorCount" Description="Number of failed synchronous frames" FromVersion="C2.87" Ext="/INFO" Address="0x80000102" Direction="IN" Type="DINT" Sig_St_Dint="1" Resource="IF1" />
    <Channel ID="IF1.SyncBusyErrorCount" Description="Number of not sent synchronous frames (sender not ready)" FromVersion="C2.87" Ext="/INFO" Address="0x80000105" Direction="IN" Type="DINT" Sig_St_Dint="1" Resource="IF1" />
    <Channel ID="IF1.SyncNoRxErrorCount" Description="Number of not received synchronous frames (timeout)" FromVersion="C2.87" Ext="/INFO" Address="0x80000106" Direction="IN" Type="DINT" Sig_St_Dint="1" Resource="IF1" />
    <Channel ID="IF1.SyncFormatErrorCount" Description="Number of faulty synchronous frames" FromVersion="C2.87" Ext="/INFO" Address="0x80000107" Direction="IN" Type="DINT" Sig_St_Dint="1" Resource="IF1" />
    <Channel ID="IF1.SyncPendingErrorCount" Description="Number of synchronous frames which could not be sent because of receiving a frame" FromVersion="C2.87" Ext="/INFO" Address="0x80000108" Direction="IN" Type="DINT" Sig_St_Dint="1" Resource="IF1" />
    <Channel ID="IF1.AsyncErrorCount" Description="Number of failed asynchronous frames" FromVersion="C2.87" Ext="/INFO" Address="0x80000103" Direction="IN" Type="DINT" Sig_St_Dint="1" Resource="IF1" />
    <Channel ID="IF1.AsyncBusyErrorCount" Description="Number of not sent asynchronous frames (sender not ready)" FromVersion="C2.87" Ext="/INFO" Address="0x8000010A" Direction="IN" Type="DINT" Sig_St_Dint="1" Resource="IF1" />
    <Channel ID="IF1.AsyncNoRxErrorCount" Description="Number of not received asynchronous frames (timeout)" FromVersion="C2.87" Ext="/INFO" Address="0x8000010B" Direction="IN" Type="DINT" Sig_St_Dint="1" Resource="IF1" />
    <Channel ID="IF1.AsyncFormatErrorCount" Description="Number of faulty asynchronous frames" FromVersion="C2.87" Ext="/INFO" Address="0x8000010C" Direction="IN" Type="DINT" Sig_St_Dint="1" Resource="IF1" />
    <Channel ID="IF1.AsyncPendingErrorCount" Description="Number of asynchronous frames which could not be sent because of receiving a frame" FromVersion="C2.87" Ext="/INFO" Address="0x8000010D" Direction="IN" Type="DINT" Sig_St_Dint="1" Resource="IF1" />
    <Channel ID="IF1.ModuleLostWhileOperational" Description="Hardware configuration changed: module disconnected while operational" FromVersion="C2.87" Ext="/INFO" Address="0x8000010E" Direction="IN" Type="DINT" Sig_St_Dint="1" Resource="IF1" />
    <Channel ID="IF1.ModuleNewWhileOperational" Description="Hardware configuration changed: new module detected while operational" FromVersion="C2.87" Ext="/INFO" Address="0x8000010F" Direction="IN" Type="DINT" Sig_St_Dint="1" Resource="IF1" />
    <Channel ID="IF1.StationAtBusEnd" Description="Station at end of bus" FromVersion="J4.08" Ext="/INFO" Address="0x80000115" Direction="IN" Type="USINT" Sig_St_Usint="" Resource="IF1" />
    <Channel ID="IF1.StationAtBusEndChangeTime" Description="Time of last change at station on end of bus" FromVersion="J4.08" Ext="/INFO" Address="0xC0000115" Direction="IN" Type="DATE_AND_TIME" Sig_St_Dt="1" Resource="IF1" />
    <Channel ID="IF1.StationPastOutFrameError" Description="First station which recognizes output frame error" FromVersion="J4.08" Ext="/INFO" Address="0x80000116" Direction="IN" Type="USINT" Sig_St_Usint="" Resource="IF1" />
    <Channel ID="IF1.StationPastOutFrameErrorChangeTime" Description="Time of last change of channel StationPastOutFrameError" FromVersion="J4.08" Ext="/INFO" Address="0xC0000116" Direction="IN" Type="DATE_AND_TIME" Sig_St_Dt="1" Resource="IF1" />
    <Channel ID="IF1.StationPastInFrameError" Description="First station which recognizes input frame error" FromVersion="J4.08" Ext="/INFO" Address="0x80000117" Direction="IN" Type="USINT" Sig_St_Usint="" Resource="IF1" />
    <Channel ID="IF1.StationPastInFrameErrorChangeTime" Description="Time of last change of channel StationPastInFrameError" FromVersion="J4.08" Ext="/INFO" Address="0xC0000117" Direction="IN" Type="DATE_AND_TIME" Sig_St_Dt="1" Resource="IF1" />
    <Channel ID="IF1.NrOfStationsMax" Description="Number of max. stations" FromVersion="J4.08" Ext="/INFO" Address="0x80000113" Direction="IN" Type="USINT" Sig_St_Usint="" Resource="IF1" />
    <Channel ID="IF1.NrOfStationsConfigured" Description="Number of configured stations" FromVersion="J4.08" Ext="/INFO" Address="0x80000114" Direction="IN" Type="USINT" Sig_St_Usint="" Resource="IF1" />
    <Channel ID="IF1.SyncInFrameSize" Description="Size of synchronous input frame [Bytes]" FromVersion="J4.08" Ext="/INFO" Address="0x80000118" Direction="IN" Type="DINT" Sig_St_Dint="1" Resource="IF1" />
    <Channel ID="IF1.SyncOutFrameSize" Description="Size of synchronous output frame [Bytes]" FromVersion="J4.08" Ext="/INFO" Address="0x80000119" Direction="IN" Type="DINT" Sig_St_Dint="1" Resource="IF1" />
    <Channel ID="IF1.AsyncFrameSize" Description="Size of asynchronous frame [Bytes]" FromVersion="J4.08" Ext="/INFO" Address="0x8000011A" Direction="IN" Type="DINT" Sig_St_Dint="1" Resource="IF1" />
    <Channel ID="IF1.AsyncFrameSpareSize" Description="Size reserve within asynchronous frame [Bytes]" FromVersion="J4.08" Ext="/INFO" Address="0x8000011B" Direction="IN" Type="DINT" Sig_St_Dint="1" Resource="IF1" />
    <Channel ID="IF1.BusLengthConfigured" Description="Configured bus length [m]" FromVersion="J4.08" Ext="/INFO" Address="0x8000011C" Direction="IN" Type="DINT" Sig_St_Dint="1" Resource="IF1" />
  </Module>
  <Module ID="IF4.ST2.IF1.ST2" Hardware="X20SM1436" HardwareModuleName="X20SM1436" ModuleID="72">
    <Channel ID="ModuleOk" Description="Module status (1 = module present)" Ext="/OK" Address="0" Direction="IN" Type="BOOL" Sig_St_Bool="1" />
    <Channel ID="StaleData" Description="Data not from latest cycle" Ext="/OK" Address="0" BitOffset="1" Direction="IN" Type="BOOL" Sig_St_Bool="1" />
    <Channel ID="SerialNumber" Description="Serial number" FromVersion="A3.08" Ext="/INFO" Address="4" Direction="IN" Type="UDINT" Sig_St_Udint="1" />
    <Channel ID="ModuleID" Description="Module ID" FromVersion="A3.08" Ext="/INFO" Address="10" Direction="IN" Type="UINT" Sig_St_Uint="1" />
    <Channel ID="HardwareVariant" Description="Hardware variant" FromVersion="A3.08" Ext="/INFO" Address="12" Direction="IN" Type="UINT" Sig_St_Uint="1" />
    <Channel ID="FirmwareVersion" Description="Firmware version" FromVersion="A3.08" Ext="/INFO" Address="14" Direction="IN" Type="UINT" Sig_St_Uint="1" />
    <Channel ID="LifeCnt" Description="Life counter" Address="73" Direction="IN" Type="SINT" Sig_St_Byte="1" />
    <Channel ID="DrvOk01" Description="Drive 01 OK (1...drive OK, 0...drive not fully functional)" Address="10" BitOffset="4" Direction="IN" Type="BOOL" Sig_St_Bool="1" />
    <Channel ID="StallError01" Description="Error stall motor 01" Address="10" BitOffset="0" Direction="IN" Type="BOOL" Sig_St_Bool="1" />
    <Channel ID="OvertemperatureError01" Description="Error overtemperature motor 01" Address="10" BitOffset="1" Direction="IN" Type="BOOL" Sig_St_Bool="1" />
    <Channel ID="CurrentError01" Description="Current error motor 01" Address="10" BitOffset="2" Direction="IN" Type="BOOL" Sig_St_Bool="1" />
    <Channel ID="OvercurrentError01" Description="Error overcurrent motor 01" Address="10" BitOffset="3" Direction="IN" Type="BOOL" Sig_St_Bool="1" />
    <Channel ID="ActPos01" Description="Position stepper 01" Address="0" Direction="IN" Type="INT" Sig_Counter_Int="1" />
    <Channel ID="EncOk01" Description="1=Position stepper 01 valid, 0=Position stepper 01 invalid" Ext="/OK" Address="0" Direction="IN" Type="BOOL" Sig_St_Bool="1" />
    <Channel ID="ActTime01" Description="Nettime of last valid position value" Address="220" Direction="IN" Type="INT" Sig_St_Word="1" />
    <Channel ID="TriggerTime01" Description="Trigger time 01" Address="208" Direction="IN" Type="INT" Sig_St_Word="1" />
    <Channel ID="TriggerCnt01" Description="Trigger counter 01" Address="216" Direction="IN" Type="SINT" Sig_St_Byte="1" />
    <Channel ID="StatusInput01" Description="Logical condition digital input 1, ABR1-A" Address="4" BitOffset="2" Direction="IN" Type="BOOL" Sig_St_Bool="1" />
    <Channel ID="StatusInput02" Description="Logical condition digital input 2, ABR1-B" Address="4" BitOffset="3" Direction="IN" Type="BOOL" Sig_St_Bool="1" />
    <Channel ID="StatusInput03" Description="Logical condition digital input 3, ABR1-R" Address="4" BitOffset="4" Direction="IN" Type="BOOL" Sig_St_Bool="1" />
    <Channel ID="StatusInput04" Description="Logical condition digital input 4, TRG1" Address="4" BitOffset="5" Direction="IN" Type="BOOL" Sig_St_Bool="1" />
    <Channel ID="ModulePowerSupplyError" Description="Error module power supply" Address="4" BitOffset="0" Direction="IN" Type="BOOL" Sig_St_Bool="1" />
    <Channel ID="BusModuleId" Description="Module ID of bus module" FromVersion="A3.08" Ext="/INFO" Address="0x80000180" Direction="IN" Type="UINT" Sig_St_Uint="1" Diagnose="/DIAG" />
    <Channel ID="ModeOfOperation" Description="Status of module" FromVersion="A3.08" Ext="/INFO" Address="0x80000181" Direction="IN" Type="USINT" Sig_St_Usint="1" Diagnose="/DIAG" />
    <Channel ID="ModeOfOperationChangeTime" Description="Time of last change of channel ModeOfOperation" FromVersion="A3.08" Ext="/INFO" Address="0xC0000181" Direction="IN" Type="DATE_AND_TIME" Sig_St_Dt="1" Diagnose="/DIAG" />
    <Channel ID="NrOfResets" Description="Number of resets of the station" FromVersion="A3.08" Ext="/INFO" Address="0x80000182" Direction="IN" Type="DINT" Sig_St_Dint="1" Diagnose="/DIAG" />
    <Channel ID="NrOfResetsChangeTime" Description="Time of last change of channel NrOfResets" FromVersion="A3.08" Ext="/INFO" Address="0xC0000182" Direction="IN" Type="DATE_AND_TIME" Sig_St_Dt="1" Diagnose="/DIAG" />
    <Channel ID="NrOfInits" Description="Number of inits of the station" FromVersion="A3.08" Ext="/INFO" Address="0x80000183" Direction="IN" Type="DINT" Sig_St_Dint="1" Diagnose="/DIAG" />
    <Channel ID="NrOfInitsChangeTime" Description="Time of last change of channel NrOfInits" FromVersion="A3.08" Ext="/INFO" Address="0xC0000183" Direction="IN" Type="DATE_AND_TIME" Sig_St_Dt="1" Diagnose="/DIAG" />
    <Channel ID="NrOfFwUpdates" Description="Number of FW updates of the station" FromVersion="A3.08" Ext="/INFO" Address="0x80000184" Direction="IN" Type="DINT" Sig_St_Dint="1" Diagnose="/DIAG" />
    <Channel ID="NrOfFwUpdatesChangeTime" Description="Time of last change of channel NrOfFwUpdates" FromVersion="A3.08" Ext="/INFO" Address="0xC0000184" Direction="IN" Type="DATE_AND_TIME" Sig_St_Dt="1" Diagnose="/DIAG" />
    <Channel ID="ModuleNoComm" Description="Number of missing answers from IO processor on IO module" FromVersion="A3.08" Ext="/INFO" Address="0x80000185" Direction="IN" Type="DINT" Sig_St_Dint="1" Diagnose="/DIAG" />
    <Channel ID="ModuleNoCommChangeTime" Description="Time of last change of channel ModuleNoComm" FromVersion="A3.08" Ext="/INFO" Address="0xC0000185" Direction="IN" Type="DATE_AND_TIME" Sig_St_Dt="1" Diagnose="/DIAG" />
    <Channel ID="ModuleCommError" Description="Number of communication errors to IO processor on IO module" FromVersion="A3.08" Ext="/INFO" Address="0x80000186" Direction="IN" Type="DINT" Sig_St_Dint="1" Diagnose="/DIAG" />
    <Channel ID="ModuleCommErrorChangeTime" Description="Time of last change of channel ModuleCommError" FromVersion="A3.08" Ext="/INFO" Address="0xC0000186" Direction="IN" Type="DATE_AND_TIME" Sig_St_Dt="1" Diagnose="/DIAG" />
  </Module>
  <Module ID="IF4.ST2.IF1.ST3" Hardware="X20SM1436" HardwareModuleName="X20SM1436a" ModuleID="75">
    <Channel ID="ModuleOk" Description="Module status (1 = module present)" Ext="/OK" Address="0" Direction="IN" Type="BOOL" Sig_St_Bool="1" />
    <Channel ID="StaleData" Description="Data not from latest cycle" Ext="/OK" Address="0" BitOffset="1" Direction="IN" Type="BOOL" Sig_St_Bool="1" />
    <Channel ID="SerialNumber" Description="Serial number" FromVersion="A3.08" Ext="/INFO" Address="4" Direction="IN" Type="UDINT" Sig_St_Udint="1" />
    <Channel ID="ModuleID" Description="Module ID" FromVersion="A3.08" Ext="/INFO" Address="10" Direction="IN" Type="UINT" Sig_St_Uint="1" />
    <Channel ID="HardwareVariant" Description="Hardware variant" FromVersion="A3.08" Ext="/INFO" Address="12" Direction="IN" Type="UINT" Sig_St_Uint="1" />
    <Channel ID="FirmwareVersion" Description="Firmware version" FromVersion="A3.08" Ext="/INFO" Address="14" Direction="IN" Type="UINT" Sig_St_Uint="1" />
    <Channel ID="LifeCnt" Description="Life counter" Address="73" Direction="IN" Type="SINT" Sig_St_Byte="1" />
    <Channel ID="DrvOk01" Description="Drive 01 OK (1...drive OK, 0...drive not fully functional)" Address="10" BitOffset="4" Direction="IN" Type="BOOL" Sig_St_Bool="1" />
    <Channel ID="StallError01" Description="Error stall motor 01" Address="10" BitOffset="0" Direction="IN" Type="BOOL" Sig_St_Bool="1" />
    <Channel ID="OvertemperatureError01" Description="Error overtemperature motor 01" Address="10" BitOffset="1" Direction="IN" Type="BOOL" Sig_St_Bool="1" />
    <Channel ID="CurrentError01" Description="Current error motor 01" Address="10" BitOffset="2" Direction="IN" Type="BOOL" Sig_St_Bool="1" />
    <Channel ID="OvercurrentError01" Description="Error overcurrent motor 01" Address="10" BitOffset="3" Direction="IN" Type="BOOL" Sig_St_Bool="1" />
    <Channel ID="ActPos01" Description="Position stepper 01" Address="0" Direction="IN" Type="INT" Sig_Counter_Int="1" />
    <Channel ID="EncOk01" Description="1=Position stepper 01 valid, 0=Position stepper 01 invalid" Ext="/OK" Address="0" Direction="IN" Type="BOOL" Sig_St_Bool="1" />
    <Channel ID="ActTime01" Description="Nettime of last valid position value" Address="220" Direction="IN" Type="INT" Sig_St_Word="1" />
    <Channel ID="TriggerTime01" Description="Trigger time 01" Address="208" Direction="IN" Type="INT" Sig_St_Word="1" />
    <Channel ID="TriggerCnt01" Description="Trigger counter 01" Address="216" Direction="IN" Type="SINT" Sig_St_Byte="1" />
    <Channel ID="StatusInput01" Description="Logical condition digital input 1, ABR1-A" Address="4" BitOffset="2" Direction="IN" Type="BOOL" Sig_St_Bool="1" />
    <Channel ID="StatusInput02" Description="Logical condition digital input 2, ABR1-B" Address="4" BitOffset="3" Direction="IN" Type="BOOL" Sig_St_Bool="1" />
    <Channel ID="StatusInput03" Description="Logical condition digital input 3, ABR1-R" Address="4" BitOffset="4" Direction="IN" Type="BOOL" Sig_St_Bool="1" />
    <Channel ID="StatusInput04" Description="Logical condition digital input 4, TRG1" Address="4" BitOffset="5" Direction="IN" Type="BOOL" Sig_St_Bool="1" />
    <Channel ID="ModulePowerSupplyError" Description="Error module power supply" Address="4" BitOffset="0" Direction="IN" Type="BOOL" Sig_St_Bool="1" />
    <Channel ID="BusModuleId" Description="Module ID of bus module" FromVersion="A3.08" Ext="/INFO" Address="0x80000180" Direction="IN" Type="UINT" Sig_St_Uint="1" Diagnose="/DIAG" />
    <Channel ID="ModeOfOperation" Description="Status of module" FromVersion="A3.08" Ext="/INFO" Address="0x80000181" Direction="IN" Type="USINT" Sig_St_Usint="1" Diagnose="/DIAG" />
    <Channel ID="ModeOfOperationChangeTime" Description="Time of last change of channel ModeOfOperation" FromVersion="A3.08" Ext="/INFO" Address="0xC0000181" Direction="IN" Type="DATE_AND_TIME" Sig_St_Dt="1" Diagnose="/DIAG" />
    <Channel ID="NrOfResets" Description="Number of resets of the station" FromVersion="A3.08" Ext="/INFO" Address="0x80000182" Direction="IN" Type="DINT" Sig_St_Dint="1" Diagnose="/DIAG" />
    <Channel ID="NrOfResetsChangeTime" Description="Time of last change of channel NrOfResets" FromVersion="A3.08" Ext="/INFO" Address="0xC0000182" Direction="IN" Type="DATE_AND_TIME" Sig_St_Dt="1" Diagnose="/DIAG" />
    <Channel ID="NrOfInits" Description="Number of inits of the station" FromVersion="A3.08" Ext="/INFO" Address="0x80000183" Direction="IN" Type="DINT" Sig_St_Dint="1" Diagnose="/DIAG" />
    <Channel ID="NrOfInitsChangeTime" Description="Time of last change of channel NrOfInits" FromVersion="A3.08" Ext="/INFO" Address="0xC0000183" Direction="IN" Type="DATE_AND_TIME" Sig_St_Dt="1" Diagnose="/DIAG" />
    <Channel ID="NrOfFwUpdates" Description="Number of FW updates of the station" FromVersion="A3.08" Ext="/INFO" Address="0x80000184" Direction="IN" Type="DINT" Sig_St_Dint="1" Diagnose="/DIAG" />
    <Channel ID="NrOfFwUpdatesChangeTime" Description="Time of last change of channel NrOfFwUpdates" FromVersion="A3.08" Ext="/INFO" Address="0xC0000184" Direction="IN" Type="DATE_AND_TIME" Sig_St_Dt="1" Diagnose="/DIAG" />
    <Channel ID="ModuleNoComm" Description="Number of missing answers from IO processor on IO module" FromVersion="A3.08" Ext="/INFO" Address="0x80000185" Direction="IN" Type="DINT" Sig_St_Dint="1" Diagnose="/DIAG" />
    <Channel ID="ModuleNoCommChangeTime" Description="Time of last change of channel ModuleNoComm" FromVersion="A3.08" Ext="/INFO" Address="0xC0000185" Direction="IN" Type="DATE_AND_TIME" Sig_St_Dt="1" Diagnose="/DIAG" />
    <Channel ID="ModuleCommError" Description="Number of communication errors to IO processor on IO module" FromVersion="A3.08" Ext="/INFO" Address="0x80000186" Direction="IN" Type="DINT" Sig_St_Dint="1" Diagnose="/DIAG" />
    <Channel ID="ModuleCommErrorChangeTime" Description="Time of last change of channel ModuleCommError" FromVersion="A3.08" Ext="/INFO" Address="0xC0000186" Direction="IN" Type="DATE_AND_TIME" Sig_St_Dt="1" Diagnose="/DIAG" />
  </Module>
  <Module ID="IF4.ST2.IF1.ST4" Hardware="X20MM4456" HardwareModuleName="X20MM4456" ModuleID="63">
    <Channel ID="ModuleOk" Description="Module status (1 = module present)" Ext="/OK" Address="0" Direction="IN" Type="BOOL" Sig_St_Bool="1" />
    <Channel ID="SerialNumber" Description="Serial number" FromVersion="A3.08" Ext="/INFO" Address="4" Direction="IN" Type="UDINT" Sig_St_Udint="1" />
    <Channel ID="ModuleID" Description="Module ID" FromVersion="A3.08" Ext="/INFO" Address="10" Direction="IN" Type="UINT" Sig_St_Uint="1" />
    <Channel ID="HardwareVariant" Description="Hardware variant" FromVersion="A3.08" Ext="/INFO" Address="12" Direction="IN" Type="UINT" Sig_St_Uint="1" />
    <Channel ID="FirmwareVersion" Description="Firmware version" FromVersion="A3.08" Ext="/INFO" Address="14" Direction="IN" Type="UINT" Sig_St_Uint="1" />
    <Channel ID="PeriodDurationPWM" Description="Period duration for outputs 01-04" Address="4" Direction="OUT" Type="UINT" Sig_St_Uint="1" />
    <Channel ID="UnderVoltageError" Description="Error module supply &lt; 18V" Address="7" BitOffset="5" Direction="IN" Type="BOOL" Sig_St_Bool="1" />
    <Channel ID="VoltageWarning" Description="Warning module supply &gt; 60V" Address="7" BitOffset="6" Direction="IN" Type="BOOL" Sig_St_Bool="1" />
    <Channel ID="OverVoltageError" Description="Error module supply &gt; 80V" Address="7" BitOffset="4" Direction="IN" Type="BOOL" Sig_St_Bool="1" />
    <Channel ID="OvertemperatureError" Description="Error overtemperature" Address="7" BitOffset="7" Direction="IN" Type="BOOL" Sig_St_Bool="1" />
    <Channel ID="PulseWidthCurrentPWM01" Description="Depending on the module configuration, the current or the PWM pulse width is indicated" Address="0" Direction="OUT" Type="INT" Sig_Counter_Int="1" />
    <Channel ID="StartLatch01" Description="Enable latchfunction/referencefunction counter 01 (pos. edge=enable, neg. edge=disable)" Address="2" BitOffset="2" Direction="OUT" Type="BOOL" Sig_St_Bool="1" />
    <Channel ID="DitherDisable01" Description="Dither disable 01 (0=enable, 1=disable)" Address="2" BitOffset="3" Direction="OUT" Type="BOOL" Sig_St_Bool="1" />
    <Channel ID="ClearError01" Description="Clear error motor bridge 01, clear endswitch" Address="2" BitOffset="4" Direction="OUT" Type="BOOL" Sig_St_Bool="1" />
    <Channel ID="ShowMeanCurrent01" Description="Show motor current 01 (1=enable, 0=disable)" Address="2" BitOffset="5" Direction="OUT" Type="BOOL" Sig_St_Bool="1" />
    <Channel ID="ResetCounter01" Description="Reset counter01 (1=reset active, 0=reset not active)" Address="2" BitOffset="6" Direction="OUT" Type="BOOL" Sig_St_Bool="1" />
    <Channel ID="Counter01" Description="Count 01" Address="0" Direction="IN" Type="INT" Sig_Counter_Int="1" />
    <Channel ID="CounterLatch01" Description="Latched value of counter 01" Address="2" Direction="IN" Type="INT" Sig_Counter_Int="1" />
    <Channel ID="StatusInput01" Description="Logical condition input 01=Motor 01:A" Address="6" BitOffset="0" Direction="IN" Type="BOOL" Sig_St_Bool="1" />
    <Channel ID="StatusInput02" Description="Logical condition input 02=Motor 01:B" Address="6" BitOffset="1" Direction="IN" Type="BOOL" Sig_St_Bool="1" />
    <Channel ID="StatusInput03" Description="Logical condition input 03=Motor 01:R" Address="6" BitOffset="2" Direction="IN" Type="BOOL" Sig_St_Bool="1" />
    <Channel ID="StatusInput04" Description="Logical condition input 04=Motor 01:Reference enable/trigger/endswitch" Address="6" BitOffset="3" Direction="IN" Type="BOOL" Sig_St_Bool="1" />
    <Channel ID="nLatchPending01" Description="Latch procedure for AB-counter 01 (1=complete, 0=active)" Address="6" BitOffset="4" Direction="IN" Type="BOOL" Sig_St_Bool="1" />
    <Channel ID="LatchDone01" Description="Change his condition after each successful latch of the AB-count 01" Address="6" BitOffset="5" Direction="IN" Type="BOOL" Sig_St_Bool="1" />
    <Channel ID="PWMError01" Description="Error PWM 01" Address="6" BitOffset="7" Direction="IN" Type="BOOL" Sig_St_Bool="1" />
    <Channel ID="CurrentError01" Description="Error current output 01" Address="15" BitOffset="0" Direction="IN" Type="BOOL" Sig_St_Bool="1" />
    <Channel ID="OverCurrentError01" Description="Error over current output 01" Address="15" BitOffset="1" Direction="IN" Type="BOOL" Sig_St_Bool="1" />
    <Channel ID="PulseWidthCurrentPWM02" Description="Depending on the module configuration, the current or the PWM pulse width is indicated" Address="8" Direction="OUT" Type="INT" Sig_Counter_Int="1" />
    <Channel ID="StartLatch02" Description="Enable latchfunction/referencefunction counter 02 (pos. edge=enable, neg. edge=disable)" Address="10" BitOffset="2" Direction="OUT" Type="BOOL" Sig_St_Bool="1" />
    <Channel ID="DitherDisable02" Description="Dither disable 02 (0=enable, 1=disable)" Address="10" BitOffset="3" Direction="OUT" Type="BOOL" Sig_St_Bool="1" />
    <Channel ID="ClearError02" Description="Clear error motor bridge 02, clear endswitch" Address="10" BitOffset="4" Direction="OUT" Type="BOOL" Sig_St_Bool="1" />
    <Channel ID="ShowMeanCurrent02" Description="Show motor current 02 (1=enable, 0=disable)" Address="10" BitOffset="5" Direction="OUT" Type="BOOL" Sig_St_Bool="1" />
    <Channel ID="ResetCounter02" Description="Reset counter02 (1=reset active, 0=reset not active)" Address="10" BitOffset="6" Direction="OUT" Type="BOOL" Sig_St_Bool="1" />
    <Channel ID="Counter02" Description="Count 02" Address="8" Direction="IN" Type="INT" Sig_Counter_Int="1" />
    <Channel ID="CounterLatch02" Description="Latched value of counter 02" Address="10" Direction="IN" Type="INT" Sig_Counter_Int="1" />
    <Channel ID="StatusInput05" Description="Logical condition input 05=Motor 02:A" Address="14" BitOffset="0" Direction="IN" Type="BOOL" Sig_St_Bool="1" />
    <Channel ID="StatusInput06" Description="Logical condition input 06=Motor 02:B" Address="14" BitOffset="1" Direction="IN" Type="BOOL" Sig_St_Bool="1" />
    <Channel ID="StatusInput07" Description="Logical condition input 07=Motor 02:R" Address="14" BitOffset="2" Direction="IN" Type="BOOL" Sig_St_Bool="1" />
    <Channel ID="StatusInput08" Description="Logical condition input 08=Motor 02:Reference enable/trigger/endswitch" Address="14" BitOffset="3" Direction="IN" Type="BOOL" Sig_St_Bool="1" />
    <Channel ID="nLatchPending02" Description="Latch procedure for AB-counter 02 (1=complete, 0=active)" Address="14" BitOffset="4" Direction="IN" Type="BOOL" Sig_St_Bool="1" />
    <Channel ID="LatchDone02" Description="Change his condition after each successful latch of the AB-count 02" Address="14" BitOffset="5" Direction="IN" Type="BOOL" Sig_St_Bool="1" />
    <Channel ID="PWMError02" Description="Error PWM 02" Address="14" BitOffset="7" Direction="IN" Type="BOOL" Sig_St_Bool="1" />
    <Channel ID="CurrentError02" Description="Error current output 02" Address="15" BitOffset="2" Direction="IN" Type="BOOL" Sig_St_Bool="1" />
    <Channel ID="OverCurrentError02" Description="Error over current output 02" Address="15" BitOffset="3" Direction="IN" Type="BOOL" Sig_St_Bool="1" />
    <Channel ID="PulseWidthCurrentPWM03" Description="Depending on the module configuration, the current or the PWM pulse width is indicated" Address="16" Direction="OUT" Type="INT" Sig_St_Int="1" />
    <Channel ID="StartLatch03" Description="Enable latchfunction/referencefunction counter 03 (pos. edge=enable, neg. edge=disable)" Address="18" BitOffset="2" Direction="OUT" Type="BOOL" Sig_St_Bool="1" />
    <Channel ID="DitherDisable03" Description="Dither disable 03 (0=enable, 1=disable)" Address="18" BitOffset="3" Direction="OUT" Type="BOOL" Sig_St_Bool="1" />
    <Channel ID="ClearError03" Description="Clear error motor bridge 03, clear endswitch" Address="18" BitOffset="4" Direction="OUT" Type="BOOL" Sig_St_Bool="1" />
    <Channel ID="ShowMeanCurrent03" Description="Show motor current 03 (1=enable, 0=disable)" Address="18" BitOffset="5" Direction="OUT" Type="BOOL" Sig_St_Bool="1" />
    <Channel ID="ResetCounter03" Description="Reset counter03 (1=reset active, 0=reset not active)" Address="18" BitOffset="6" Direction="OUT" Type="BOOL" Sig_St_Bool="1" />
    <Channel ID="Counter03" Description="Count 03" Address="16" Direction="IN" Type="INT" Sig_Counter_Int="1" />
    <Channel ID="CounterLatch03" Description="Latched value of counter 03" Address="18" Direction="IN" Type="INT" Sig_Counter_Int="1" />
    <Channel ID="StatusInput09" Description="Logical condition input 09=Motor 03:A" Address="22" BitOffset="0" Direction="IN" Type="BOOL" Sig_St_Bool="1" />
    <Channel ID="StatusInput10" Description="Logical condition input 10=Motor 03:B" Address="22" BitOffset="1" Direction="IN" Type="BOOL" Sig_St_Bool="1" />
    <Channel ID="StatusInput11" Description="Logical condition input 11=Motor 03:R" Address="22" BitOffset="2" Direction="IN" Type="BOOL" Sig_St_Bool="1" />
    <Channel ID="StatusInput12" Description="Logical condition input 12=Motor 03:Reference enable/trigger/endswitch" Address="22" BitOffset="3" Direction="IN" Type="BOOL" Sig_St_Bool="1" />
    <Channel ID="nLatchPending03" Description="Latch procedure for AB-counter 03 (1=complete, 0=active)" Address="22" BitOffset="4" Direction="IN" Type="BOOL" Sig_St_Bool="1" />
    <Channel ID="LatchDone03" Description="Change his condition after each successful latch of the AB-count 03" Address="22" BitOffset="5" Direction="IN" Type="BOOL" Sig_St_Bool="1" />
    <Channel ID="PWMError03" Description="Error PWM 03" Address="22" BitOffset="7" Direction="IN" Type="BOOL" Sig_St_Bool="1" />
    <Channel ID="CurrentError03" Description="Error current output 03" Address="15" BitOffset="4" Direction="IN" Type="BOOL" Sig_St_Bool="1" />
    <Channel ID="OverCurrentError03" Description="Error over current output 03" Address="15" BitOffset="5" Direction="IN" Type="BOOL" Sig_St_Bool="1" />
    <Channel ID="PulseWidthCurrentPWM04" Description="Depending on the module configuration, the current or the PWM pulse width is indicated" Address="24" Direction="OUT" Type="INT" Sig_St_Int="1" />
    <Channel ID="StartLatch04" Description="Enable latchfunction/referencefunction counter 04 (pos. edge=enable, neg. edge=disable)" Address="26" BitOffset="2" Direction="OUT" Type="BOOL" Sig_St_Bool="1" />
    <Channel ID="DitherDisable04" Description="Dither disable 04 (0=enable, 1=disable)" Address="26" BitOffset="3" Direction="OUT" Type="BOOL" Sig_St_Bool="1" />
    <Channel ID="ClearError04" Description="Clear error motor bridge 04, clear endswitch" Address="26" BitOffset="4" Direction="OUT" Type="BOOL" Sig_St_Bool="1" />
    <Channel ID="ShowMeanCurrent04" Description="Show motor current 04 (1=enable, 0=disable)" Address="26" BitOffset="5" Direction="OUT" Type="BOOL" Sig_St_Bool="1" />
    <Channel ID="ResetCounter04" Description="Reset counter04 (1=reset active, 0=reset not active)" Address="26" BitOffset="6" Direction="OUT" Type="BOOL" Sig_St_Bool="1" />
    <Channel ID="Counter04" Description="Count 04" Address="24" Direction="IN" Type="INT" Sig_Counter_Int="1" />
    <Channel ID="CounterLatch04" Description="Latched value of counter 04" Address="26" Direction="IN" Type="INT" Sig_Counter_Int="1" />
    <Channel ID="StatusInput13" Description="Logical condition input 13=Motor 04:A" Address="30" BitOffset="0" Direction="IN" Type="BOOL" Sig_St_Bool="1" />
    <Channel ID="StatusInput14" Description="Logical condition input 14=Motor 04:B" Address="30" BitOffset="1" Direction="IN" Type="BOOL" Sig_St_Bool="1" />
    <Channel ID="StatusInput15" Description="Logical condition input 15=Motor 04:R" Address="30" BitOffset="2" Direction="IN" Type="BOOL" Sig_St_Bool="1" />
    <Channel ID="StatusInput16" Description="Logical condition input 16=Motor 04:Reference enable/trigger/endswitch" Address="30" BitOffset="3" Direction="IN" Type="BOOL" Sig_St_Bool="1" />
    <Channel ID="nLatchPending04" Description="Latch procedure for AB-counter 04 (1=complete, 0=active)" Address="30" BitOffset="4" Direction="IN" Type="BOOL" Sig_St_Bool="1" />
    <Channel ID="LatchDone04" Description="Change his condition after each successful latch of the AB-count 04" Address="30" BitOffset="5" Direction="IN" Type="BOOL" Sig_St_Bool="1" />
    <Channel ID="PWMError04" Description="Error PWM 04" Address="30" BitOffset="7" Direction="IN" Type="BOOL" Sig_St_Bool="1" />
    <Channel ID="CurrentError04" Description="Error current output 04" Address="15" BitOffset="6" Direction="IN" Type="BOOL" Sig_St_Bool="1" />
    <Channel ID="OverCurrentError04" Description="Error over current output 04" Address="15" BitOffset="7" Direction="IN" Type="BOOL" Sig_St_Bool="1" />
    <Channel ID="BusModuleId" Description="Module ID of bus module" FromVersion="A3.08" Ext="/INFO" Address="0x80000180" Direction="IN" Type="UINT" Sig_St_Uint="1" Diagnose="/DIAG" />
    <Channel ID="ModeOfOperation" Description="Status of module" FromVersion="A3.08" Ext="/INFO" Address="0x80000181" Direction="IN" Type="USINT" Sig_St_Usint="1" Diagnose="/DIAG" />
    <Channel ID="ModeOfOperationChangeTime" Description="Time of last change of channel ModeOfOperation" FromVersion="A3.08" Ext="/INFO" Address="0xC0000181" Direction="IN" Type="DATE_AND_TIME" Sig_St_Dt="1" Diagnose="/DIAG" />
    <Channel ID="NrOfResets" Description="Number of resets of the station" FromVersion="A3.08" Ext="/INFO" Address="0x80000182" Direction="IN" Type="DINT" Sig_St_Dint="1" Diagnose="/DIAG" />
    <Channel ID="NrOfResetsChangeTime" Description="Time of last change of channel NrOfResets" FromVersion="A3.08" Ext="/INFO" Address="0xC0000182" Direction="IN" Type="DATE_AND_TIME" Sig_St_Dt="1" Diagnose="/DIAG" />
    <Channel ID="NrOfInits" Description="Number of inits of the station" FromVersion="A3.08" Ext="/INFO" Address="0x80000183" Direction="IN" Type="DINT" Sig_St_Dint="1" Diagnose="/DIAG" />
    <Channel ID="NrOfInitsChangeTime" Description="Time of last change of channel NrOfInits" FromVersion="A3.08" Ext="/INFO" Address="0xC0000183" Direction="IN" Type="DATE_AND_TIME" Sig_St_Dt="1" Diagnose="/DIAG" />
    <Channel ID="NrOfFwUpdates" Description="Number of FW updates of the station" FromVersion="A3.08" Ext="/INFO" Address="0x80000184" Direction="IN" Type="DINT" Sig_St_Dint="1" Diagnose="/DIAG" />
    <Channel ID="NrOfFwUpdatesChangeTime" Description="Time of last change of channel NrOfFwUpdates" FromVersion="A3.08" Ext="/INFO" Address="0xC0000184" Direction="IN" Type="DATE_AND_TIME" Sig_St_Dt="1" Diagnose="/DIAG" />
    <Channel ID="ModuleNoComm" Description="Number of missing answers from IO processor on IO module" FromVersion="A3.08" Ext="/INFO" Address="0x80000185" Direction="IN" Type="DINT" Sig_St_Dint="1" Diagnose="/DIAG" />
    <Channel ID="ModuleNoCommChangeTime" Description="Time of last change of channel ModuleNoComm" FromVersion="A3.08" Ext="/INFO" Address="0xC0000185" Direction="IN" Type="DATE_AND_TIME" Sig_St_Dt="1" Diagnose="/DIAG" />
    <Channel ID="ModuleCommError" Description="Number of communication errors to IO processor on IO module" FromVersion="A3.08" Ext="/INFO" Address="0x80000186" Direction="IN" Type="DINT" Sig_St_Dint="1" Diagnose="/DIAG" />
    <Channel ID="ModuleCommErrorChangeTime" Description="Time of last change of channel ModuleCommError" FromVersion="A3.08" Ext="/INFO" Address="0xC0000186" Direction="IN" Type="DATE_AND_TIME" Sig_St_Dt="1" Diagnose="/DIAG" />
  </Module>
  <Module ID="IF4.ST2.IF1.ST5" Hardware="X20DI9371" HardwareModuleName="X20DI9371" ModuleID="57" Simulatable="true">
    <Channel ID="ModuleOk" Description="Module status (1 = module present)" Ext="/OK" Address="0" Direction="IN" Type="BOOL" Sig_St_Bool="1" />
    <Channel ID="SerialNumber" Description="Serial number" FromVersion="A3.08" Ext="/INFO" Address="4" Direction="IN" Type="UDINT" Sig_St_Udint="1" />
    <Channel ID="ModuleID" Description="Module ID" FromVersion="A3.08" Ext="/INFO" Address="10" Direction="IN" Type="UINT" Sig_St_Uint="1" />
    <Channel ID="HardwareVariant" Description="Hardware variant" FromVersion="A3.08" Ext="/INFO" Address="12" Direction="IN" Type="UINT" Sig_St_Uint="1" />
    <Channel ID="FirmwareVersion" Description="Firmware version" FromVersion="A3.08" Ext="/INFO" Address="14" Direction="IN" Type="UINT" Sig_St_Uint="1" />
    <Channel ID="DigitalInput01" Description="24 VDC, 0.1 to 25 ms switching delay, sink" FromVersion="V2.92" Ext="/FIXED" Address="1" BitOffset="0" Direction="IN" Type="BOOL" Sig_Dig_24VDC="1" />
    <Channel ID="DigitalInput02" Description="24 VDC, 0.1 to 25 ms switching delay, sink" FromVersion="V2.92" Ext="/FIXED" Address="1" BitOffset="1" Direction="IN" Type="BOOL" Sig_Dig_24VDC="1" />
    <Channel ID="DigitalInput03" Description="24 VDC, 0.1 to 25 ms switching delay, sink" FromVersion="V2.92" Ext="/FIXED" Address="1" BitOffset="2" Direction="IN" Type="BOOL" Sig_Dig_24VDC="1" />
    <Channel ID="DigitalInput04" Description="24 VDC, 0.1 to 25 ms switching delay, sink" FromVersion="V2.92" Ext="/FIXED" Address="1" BitOffset="3" Direction="IN" Type="BOOL" Sig_Dig_24VDC="1" />
    <Channel ID="DigitalInput05" Description="24 VDC, 0.1 to 25 ms switching delay, sink" FromVersion="V2.92" Ext="/FIXED" Address="1" BitOffset="4" Direction="IN" Type="BOOL" Sig_Dig_24VDC="1" />
    <Channel ID="DigitalInput06" Description="24 VDC, 0.1 to 25 ms switching delay, sink" FromVersion="V2.92" Ext="/FIXED" Address="1" BitOffset="5" Direction="IN" Type="BOOL" Sig_Dig_24VDC="1" />
    <Channel ID="DigitalInput07" Description="24 VDC, 0.1 to 25 ms switching delay, sink" FromVersion="V2.92" Ext="/FIXED" Address="1" BitOffset="6" Direction="IN" Type="BOOL" Sig_Dig_24VDC="1" />
    <Channel ID="DigitalInput08" Description="24 VDC, 0.1 to 25 ms switching delay, sink" FromVersion="V2.92" Ext="/FIXED" Address="1" BitOffset="7" Direction="IN" Type="BOOL" Sig_Dig_24VDC="1" />
    <Channel ID="DigitalInput09" Description="24 VDC, 0.1 to 25 ms switching delay, sink" FromVersion="V2.92" Ext="/FIXED" Address="2" BitOffset="0" Direction="IN" Type="BOOL" Sig_Dig_24VDC="1" />
    <Channel ID="DigitalInput10" Description="24 VDC, 0.1 to 25 ms switching delay, sink" FromVersion="V2.92" Ext="/FIXED" Address="2" BitOffset="1" Direction="IN" Type="BOOL" Sig_Dig_24VDC="1" />
    <Channel ID="DigitalInput11" Description="24 VDC, 0.1 to 25 ms switching delay, sink" FromVersion="V2.92" Ext="/FIXED" Address="2" BitOffset="2" Direction="IN" Type="BOOL" Sig_Dig_24VDC="1" />
    <Channel ID="DigitalInput12" Description="24 VDC, 0.1 to 25 ms switching delay, sink" FromVersion="V2.92" Ext="/FIXED" Address="2" BitOffset="3" Direction="IN" Type="BOOL" Sig_Dig_24VDC="1" />
    <Channel ID="BusModuleId" Description="Module ID of bus module" FromVersion="A3.08" Ext="/INFO" Address="0x80000180" Direction="IN" Type="UINT" Sig_St_Uint="1" Diagnose="/DIAG" />
    <Channel ID="ModeOfOperation" Description="Status of module" FromVersion="A3.08" Ext="/INFO" Address="0x80000181" Direction="IN" Type="USINT" Sig_St_Usint="1" Diagnose="/DIAG" />
    <Channel ID="ModeOfOperationChangeTime" Description="Time of last change of channel ModeOfOperation" FromVersion="A3.08" Ext="/INFO" Address="0xC0000181" Direction="IN" Type="DATE_AND_TIME" Sig_St_Dt="1" Diagnose="/DIAG" />
    <Channel ID="NrOfResets" Description="Number of resets of the station" FromVersion="A3.08" Ext="/INFO" Address="0x80000182" Direction="IN" Type="DINT" Sig_St_Dint="1" Diagnose="/DIAG" />
    <Channel ID="NrOfResetsChangeTime" Description="Time of last change of channel NrOfResets" FromVersion="A3.08" Ext="/INFO" Address="0xC0000182" Direction="IN" Type="DATE_AND_TIME" Sig_St_Dt="1" Diagnose="/DIAG" />
    <Channel ID="NrOfInits" Description="Number of inits of the station" FromVersion="A3.08" Ext="/INFO" Address="0x80000183" Direction="IN" Type="DINT" Sig_St_Dint="1" Diagnose="/DIAG" />
    <Channel ID="NrOfInitsChangeTime" Description="Time of last change of channel NrOfInits" FromVersion="A3.08" Ext="/INFO" Address="0xC0000183" Direction="IN" Type="DATE_AND_TIME" Sig_St_Dt="1" Diagnose="/DIAG" />
    <Channel ID="NrOfFwUpdates" Description="Number of FW updates of the station" FromVersion="A3.08" Ext="/INFO" Address="0x80000184" Direction="IN" Type="DINT" Sig_St_Dint="1" Diagnose="/DIAG" />
    <Channel ID="NrOfFwUpdatesChangeTime" Description="Time of last change of channel NrOfFwUpdates" FromVersion="A3.08" Ext="/INFO" Address="0xC0000184" Direction="IN" Type="DATE_AND_TIME" Sig_St_Dt="1" Diagnose="/DIAG" />
    <Channel ID="ModuleNoComm" Description="Number of missing answers from IO processor on IO module" FromVersion="A3.08" Ext="/INFO" Address="0x80000185" Direction="IN" Type="DINT" Sig_St_Dint="1" Diagnose="/DIAG" />
    <Channel ID="ModuleNoCommChangeTime" Description="Time of last change of channel ModuleNoComm" FromVersion="A3.08" Ext="/INFO" Address="0xC0000185" Direction="IN" Type="DATE_AND_TIME" Sig_St_Dt="1" Diagnose="/DIAG" />
    <Channel ID="ModuleCommError" Description="Number of communication errors to IO processor on IO module" FromVersion="A3.08" Ext="/INFO" Address="0x80000186" Direction="IN" Type="DINT" Sig_St_Dint="1" Diagnose="/DIAG" />
    <Channel ID="ModuleCommErrorChangeTime" Description="Time of last change of channel ModuleCommError" FromVersion="A3.08" Ext="/INFO" Address="0xC0000186" Direction="IN" Type="DATE_AND_TIME" Sig_St_Dt="1" Diagnose="/DIAG" />
  </Module>
  <Module ID="IF4.ST2.IF1.ST6" Hardware="X20DO9322" HardwareModuleName="X20DO9322" ModuleID="60" Simulatable="true">
    <Channel ID="ModuleOk" Description="Module status (1 = module present)" Ext="/OK" Address="0" Direction="IN" Type="BOOL" Sig_St_Bool="1" />
    <Channel ID="SerialNumber" Description="Serial number" FromVersion="A3.08" Ext="/INFO" Address="4" Direction="IN" Type="UDINT" Sig_St_Udint="1" />
    <Channel ID="ModuleID" Description="Module ID" FromVersion="A3.08" Ext="/INFO" Address="10" Direction="IN" Type="UINT" Sig_St_Uint="1" />
    <Channel ID="HardwareVariant" Description="Hardware variant" FromVersion="A3.08" Ext="/INFO" Address="12" Direction="IN" Type="UINT" Sig_St_Uint="1" />
    <Channel ID="FirmwareVersion" Description="Firmware version" FromVersion="A3.08" Ext="/INFO" Address="14" Direction="IN" Type="UINT" Sig_St_Uint="1" />
    <Channel ID="DigitalOutput01" Description="24 VDC / 0.5 A, source" Ext="/FIXED" Address="0" BitOffset="0" Direction="OUT" Type="BOOL" Sig_Dig_05A_24VDC="1" />
    <Channel ID="DigitalOutput02" Description="24 VDC / 0.5 A, source" Ext="/FIXED" Address="0" BitOffset="1" Direction="OUT" Type="BOOL" Sig_Dig_05A_24VDC="1" />
    <Channel ID="DigitalOutput03" Description="24 VDC / 0.5 A, source" Ext="/FIXED" Address="0" BitOffset="2" Direction="OUT" Type="BOOL" Sig_Dig_05A_24VDC="1" />
    <Channel ID="DigitalOutput04" Description="24 VDC / 0.5 A, source" Ext="/FIXED" Address="0" BitOffset="3" Direction="OUT" Type="BOOL" Sig_Dig_05A_24VDC="1" />
    <Channel ID="DigitalOutput05" Description="24 VDC / 0.5 A, source" Ext="/FIXED" Address="0" BitOffset="4" Direction="OUT" Type="BOOL" Sig_Dig_05A_24VDC="1" />
    <Channel ID="DigitalOutput06" Description="24 VDC / 0.5 A, source" Ext="/FIXED" Address="0" BitOffset="5" Direction="OUT" Type="BOOL" Sig_Dig_05A_24VDC="1" />
    <Channel ID="DigitalOutput07" Description="24 VDC / 0.5 A, source" Ext="/FIXED" Address="0" BitOffset="6" Direction="OUT" Type="BOOL" Sig_Dig_05A_24VDC="1" />
    <Channel ID="DigitalOutput08" Description="24 VDC / 0.5 A, source" Ext="/FIXED" Address="0" BitOffset="7" Direction="OUT" Type="BOOL" Sig_Dig_05A_24VDC="1" />
    <Channel ID="DigitalOutput09" Description="24 VDC / 0.5 A, source" Ext="/FIXED" Address="1" BitOffset="0" Direction="OUT" Type="BOOL" Sig_Dig_05A_24VDC="1" />
    <Channel ID="DigitalOutput10" Description="24 VDC / 0.5 A, source" Ext="/FIXED" Address="1" BitOffset="1" Direction="OUT" Type="BOOL" Sig_Dig_05A_24VDC="1" />
    <Channel ID="DigitalOutput11" Description="24 VDC / 0.5 A, source" Ext="/FIXED" Address="1" BitOffset="2" Direction="OUT" Type="BOOL" Sig_Dig_05A_24VDC="1" />
    <Channel ID="DigitalOutput12" Description="24 VDC / 0.5 A, source" Ext="/FIXED" Address="1" BitOffset="3" Direction="OUT" Type="BOOL" Sig_Dig_05A_24VDC="1" />
    <Channel ID="StatusDigitalOutput01" Description="Status digital output 01 (0 = OK)" FromVersion="A2.83" Ext="/FIXED" Address="1" BitOffset="0" Direction="IN" Type="BOOL" Sig_St_Bool="1" />
    <Channel ID="StatusDigitalOutput02" Description="Status digital output 02 (0 = OK)" FromVersion="A2.83" Ext="/FIXED" Address="1" BitOffset="1" Direction="IN" Type="BOOL" Sig_St_Bool="1" />
    <Channel ID="StatusDigitalOutput03" Description="Status digital output 03 (0 = OK)" FromVersion="A2.83" Ext="/FIXED" Address="1" BitOffset="2" Direction="IN" Type="BOOL" Sig_St_Bool="1" />
    <Channel ID="StatusDigitalOutput04" Description="Status digital output 04 (0 = OK)" FromVersion="A2.83" Ext="/FIXED" Address="1" BitOffset="3" Direction="IN" Type="BOOL" Sig_St_Bool="1" />
    <Channel ID="StatusDigitalOutput05" Description="Status digital output 05 (0 = OK)" FromVersion="A2.83" Ext="/FIXED" Address="1" BitOffset="4" Direction="IN" Type="BOOL" Sig_St_Bool="1" />
    <Channel ID="StatusDigitalOutput06" Description="Status digital output 06 (0 = OK)" FromVersion="A2.83" Ext="/FIXED" Address="1" BitOffset="5" Direction="IN" Type="BOOL" Sig_St_Bool="1" />
    <Channel ID="StatusDigitalOutput07" Description="Status digital output 07 (0 = OK)" FromVersion="A2.83" Ext="/FIXED" Address="1" BitOffset="6" Direction="IN" Type="BOOL" Sig_St_Bool="1" />
    <Channel ID="StatusDigitalOutput08" Description="Status digital output 08 (0 = OK)" FromVersion="A2.83" Ext="/FIXED" Address="1" BitOffset="7" Direction="IN" Type="BOOL" Sig_St_Bool="1" />
    <Channel ID="StatusDigitalOutput09" Description="Status digital output 09 (0 = OK)" FromVersion="A2.83" Ext="/FIXED" Address="2" BitOffset="0" Direction="IN" Type="BOOL" Sig_St_Bool="1" />
    <Channel ID="StatusDigitalOutput10" Description="Status digital output 10 (0 = OK)" FromVersion="A2.83" Ext="/FIXED" Address="2" BitOffset="1" Direction="IN" Type="BOOL" Sig_St_Bool="1" />
    <Channel ID="StatusDigitalOutput11" Description="Status digital output 11 (0 = OK)" FromVersion="A2.83" Ext="/FIXED" Address="2" BitOffset="2" Direction="IN" Type="BOOL" Sig_St_Bool="1" />
    <Channel ID="StatusDigitalOutput12" Description="Status digital output 12 (0 = OK)" FromVersion="A2.83" Ext="/FIXED" Address="2" BitOffset="3" Direction="IN" Type="BOOL" Sig_St_Bool="1" />
    <Channel ID="BusModuleId" Description="Module ID of bus module" FromVersion="A3.08" Ext="/INFO" Address="0x80000180" Direction="IN" Type="UINT" Sig_St_Uint="1" Diagnose="/DIAG" />
    <Channel ID="ModeOfOperation" Description="Status of module" FromVersion="A3.08" Ext="/INFO" Address="0x80000181" Direction="IN" Type="USINT" Sig_St_Usint="1" Diagnose="/DIAG" />
    <Channel ID="ModeOfOperationChangeTime" Description="Time of last change of channel ModeOfOperation" FromVersion="A3.08" Ext="/INFO" Address="0xC0000181" Direction="IN" Type="DATE_AND_TIME" Sig_St_Dt="1" Diagnose="/DIAG" />
    <Channel ID="NrOfResets" Description="Number of resets of the station" FromVersion="A3.08" Ext="/INFO" Address="0x80000182" Direction="IN" Type="DINT" Sig_St_Dint="1" Diagnose="/DIAG" />
    <Channel ID="NrOfResetsChangeTime" Description="Time of last change of channel NrOfResets" FromVersion="A3.08" Ext="/INFO" Address="0xC0000182" Direction="IN" Type="DATE_AND_TIME" Sig_St_Dt="1" Diagnose="/DIAG" />
    <Channel ID="NrOfInits" Description="Number of inits of the station" FromVersion="A3.08" Ext="/INFO" Address="0x80000183" Direction="IN" Type="DINT" Sig_St_Dint="1" Diagnose="/DIAG" />
    <Channel ID="NrOfInitsChangeTime" Description="Time of last change of channel NrOfInits" FromVersion="A3.08" Ext="/INFO" Address="0xC0000183" Direction="IN" Type="DATE_AND_TIME" Sig_St_Dt="1" Diagnose="/DIAG" />
    <Channel ID="NrOfFwUpdates" Description="Number of FW updates of the station" FromVersion="A3.08" Ext="/INFO" Address="0x80000184" Direction="IN" Type="DINT" Sig_St_Dint="1" Diagnose="/DIAG" />
    <Channel ID="NrOfFwUpdatesChangeTime" Description="Time of last change of channel NrOfFwUpdates" FromVersion="A3.08" Ext="/INFO" Address="0xC0000184" Direction="IN" Type="DATE_AND_TIME" Sig_St_Dt="1" Diagnose="/DIAG" />
    <Channel ID="ModuleNoComm" Description="Number of missing answers from IO processor on IO module" FromVersion="A3.08" Ext="/INFO" Address="0x80000185" Direction="IN" Type="DINT" Sig_St_Dint="1" Diagnose="/DIAG" />
    <Channel ID="ModuleNoCommChangeTime" Description="Time of last change of channel ModuleNoComm" FromVersion="A3.08" Ext="/INFO" Address="0xC0000185" Direction="IN" Type="DATE_AND_TIME" Sig_St_Dt="1" Diagnose="/DIAG" />
    <Channel ID="ModuleCommError" Description="Number of communication errors to IO processor on IO module" FromVersion="A3.08" Ext="/INFO" Address="0x80000186" Direction="IN" Type="DINT" Sig_St_Dint="1" Diagnose="/DIAG" />
    <Channel ID="ModuleCommErrorChangeTime" Description="Time of last change of channel ModuleCommError" FromVersion="A3.08" Ext="/INFO" Address="0xC0000186" Direction="IN" Type="DATE_AND_TIME" Sig_St_Dt="1" Diagnose="/DIAG" />
  </Module>
  <Module ID="IF4.ST2.IF1.ST7" Hardware="X20AT4222" HardwareModuleName="X20AT4222" ModuleID="10" Simulatable="true">
    <Channel ID="ModuleOk" Description="Module status (1 = module present)" Ext="/OK" Address="0" Direction="IN" Type="BOOL" Sig_St_Bool="1" />
    <Channel ID="SerialNumber" Description="Serial number" FromVersion="A3.08" Ext="/INFO" Address="4" Direction="IN" Type="UDINT" Sig_St_Udint="1" />
    <Channel ID="ModuleID" Description="Module ID" FromVersion="A3.08" Ext="/INFO" Address="10" Direction="IN" Type="UINT" Sig_St_Uint="1" />
    <Channel ID="HardwareVariant" Description="Hardware variant" FromVersion="A3.08" Ext="/INFO" Address="12" Direction="IN" Type="UINT" Sig_St_Uint="1" />
    <Channel ID="FirmwareVersion" Description="Firmware version" FromVersion="A3.08" Ext="/INFO" Address="14" Direction="IN" Type="UINT" Sig_St_Uint="1" />
    <Channel ID="Temperature01" Description="PT100, PT1000, 3-wire connection" Address="0" Direction="IN" Type="INT" Sig_Temp_PT100_m200C_p850C="1" />
    <Channel ID="Temperature02" Description="PT100, PT1000, 3-wire connection" Address="2" Direction="IN" Type="INT" Sig_Temp_PT100_m200C_p850C="1" />
    <Channel ID="Temperature03" Description="PT100, PT1000, 3-wire connection" Address="4" Direction="IN" Type="INT" Sig_Temp_PT100_m200C_p850C="1" />
    <Channel ID="Temperature04" Description="PT100, PT1000, 3-wire connection" Address="6" Direction="IN" Type="INT" Sig_Temp_PT100_m200C_p850C="1" />
    <Channel ID="StatusInput01" Description="Status of analog inputs" Ext="/PSEUDOCYCLIC" Address="30" Direction="IN" Type="USINT" Sig_St_Byte="1" />
    <Channel ID="BusModuleId" Description="Module ID of bus module" FromVersion="A3.08" Ext="/INFO" Address="0x80000180" Direction="IN" Type="UINT" Sig_St_Uint="1" Diagnose="/DIAG" />
    <Channel ID="ModeOfOperation" Description="Status of module" FromVersion="A3.08" Ext="/INFO" Address="0x80000181" Direction="IN" Type="USINT" Sig_St_Usint="1" Diagnose="/DIAG" />
    <Channel ID="ModeOfOperationChangeTime" Description="Time of last change of channel ModeOfOperation" FromVersion="A3.08" Ext="/INFO" Address="0xC0000181" Direction="IN" Type="DATE_AND_TIME" Sig_St_Dt="1" Diagnose="/DIAG" />
    <Channel ID="NrOfResets" Description="Number of resets of the station" FromVersion="A3.08" Ext="/INFO" Address="0x80000182" Direction="IN" Type="DINT" Sig_St_Dint="1" Diagnose="/DIAG" />
    <Channel ID="NrOfResetsChangeTime" Description="Time of last change of channel NrOfResets" FromVersion="A3.08" Ext="/INFO" Address="0xC0000182" Direction="IN" Type="DATE_AND_TIME" Sig_St_Dt="1" Diagnose="/DIAG" />
    <Channel ID="NrOfInits" Description="Number of inits of the station" FromVersion="A3.08" Ext="/INFO" Address="0x80000183" Direction="IN" Type="DINT" Sig_St_Dint="1" Diagnose="/DIAG" />
    <Channel ID="NrOfInitsChangeTime" Description="Time of last change of channel NrOfInits" FromVersion="A3.08" Ext="/INFO" Address="0xC0000183" Direction="IN" Type="DATE_AND_TIME" Sig_St_Dt="1" Diagnose="/DIAG" />
    <Channel ID="NrOfFwUpdates" Description="Number of FW updates of the station" FromVersion="A3.08" Ext="/INFO" Address="0x80000184" Direction="IN" Type="DINT" Sig_St_Dint="1" Diagnose="/DIAG" />
    <Channel ID="NrOfFwUpdatesChangeTime" Description="Time of last change of channel NrOfFwUpdates" FromVersion="A3.08" Ext="/INFO" Address="0xC0000184" Direction="IN" Type="DATE_AND_TIME" Sig_St_Dt="1" Diagnose="/DIAG" />
    <Channel ID="ModuleNoComm" Description="Number of missing answers from IO processor on IO module" FromVersion="A3.08" Ext="/INFO" Address="0x80000185" Direction="IN" Type="DINT" Sig_St_Dint="1" Diagnose="/DIAG" />
    <Channel ID="ModuleNoCommChangeTime" Description="Time of last change of channel ModuleNoComm" FromVersion="A3.08" Ext="/INFO" Address="0xC0000185" Direction="IN" Type="DATE_AND_TIME" Sig_St_Dt="1" Diagnose="/DIAG" />
    <Channel ID="ModuleCommError" Description="Number of communication errors to IO processor on IO module" FromVersion="A3.08" Ext="/INFO" Address="0x80000186" Direction="IN" Type="DINT" Sig_St_Dint="1" Diagnose="/DIAG" />
    <Channel ID="ModuleCommErrorChangeTime" Description="Time of last change of channel ModuleCommError" FromVersion="A3.08" Ext="/INFO" Address="0xC0000186" Direction="IN" Type="DATE_AND_TIME" Sig_St_Dt="1" Diagnose="/DIAG" />
  </Module>
  <Module ID="IF4.ST2.IF1.ST8" Hardware="X20SI4100" HardwareModuleName="X20SI4100" ModuleID="69">
    <Channel ID="ModuleOk" Description="Module status (1 = module present)" Ext="/OK" Address="0" Direction="IN" Type="BOOL" Sig_St_Bool="1" />
    <Channel ID="SerialNumber" Description="Serial number" Ext="/INFO" Address="4" Direction="IN" Type="UDINT" Sig_St_Udint="1" />
    <Channel ID="ModuleID" Description="Module ID" Ext="/INFO" Address="10" Direction="IN" Type="UINT" Sig_St_Uint="1" />
    <Channel ID="HardwareVariant" Description="Hardware variant" Ext="/INFO" Address="12" Direction="IN" Type="UINT" Sig_St_Uint="1" />
    <Channel ID="FirmwareVersion" Description="Firmware version" Ext="/INFO" Address="14" Direction="IN" Type="UINT" Sig_St_Uint="1" />
    <Channel ID="SafeModuleOK" Description="Safe Connection is acknowledged by the SN" Ext="/SUB=SafeIN" Address="1" BitOffset="2" Direction="IN" Type="BOOL" Sig_St_Bool="1" />
    <Channel ID="SafeDigitalInput01" Description="24 VDC, sink" Safe="true" Ext="/SUB=SafeIN" Address="4" BitOffset="0" Direction="IN" Type="BOOL" Sig_St_Bool="1" SODIndex="0x6000" SODSubIndex="0x01" />
    <Channel ID="SafeDigitalInput02" Description="24 VDC, sink" Safe="true" Ext="/SUB=SafeIN" Address="4" BitOffset="1" Direction="IN" Type="BOOL" Sig_St_Bool="1" />
    <Channel ID="SafeDigitalInput03" Description="24 VDC, sink" Safe="true" Ext="/SUB=SafeIN" Address="4" BitOffset="2" Direction="IN" Type="BOOL" Sig_St_Bool="1" />
    <Channel ID="SafeDigitalInput04" Description="24 VDC, sink" Safe="true" Ext="/SUB=SafeIN" Address="4" BitOffset="3" Direction="IN" Type="BOOL" Sig_St_Bool="1" />
    <Channel ID="SafeEquivalentInput0102" Description="2-channel evaluation equivalent channel 1/2" Safe="true" Ext="/SUB=SafeIN" Address="4" BitOffset="4" Direction="IN" Type="BOOL" Sig_St_Bool="1" ConnectableFilter="1" />
    <Channel ID="SafeAntivalentInput0102" Description="2-channel evaluation antivalent channel 1/2" Safe="true" Ext="/SUB=SafeIN" Address="4" BitOffset="5" Direction="IN" Type="BOOL" Sig_St_Bool="1" ConnectableFilter="1" />
    <Channel ID="SafeEquivalentInput0304" Description="2-channel evaluation equivalent channel 3/4" Safe="true" Ext="/SUB=SafeIN" Address="4" BitOffset="6" Direction="IN" Type="BOOL" Sig_St_Bool="1" ConnectableFilter="2" />
    <Channel ID="SafeAntivalentInput0304" Description="2-channel evaluation antivalent channel 3/4" Safe="true" Ext="/SUB=SafeIN" Address="4" BitOffset="7" Direction="IN" Type="BOOL" Sig_St_Bool="1" ConnectableFilter="2" />
    <Channel ID="SafeChannelOK01" Description="Status digital input (1=OK)" Safe="true" Ext="/SUB=SafeIN" Address="5" BitOffset="0" Direction="IN" Type="BOOL" Sig_St_Bool="1" SODIndex="0x6000" SODSubIndex="0x02" />
    <Channel ID="SafeChannelOK02" Description="Status digital input (1=OK)" Safe="true" Ext="/SUB=SafeIN" Address="5" BitOffset="1" Direction="IN" Type="BOOL" Sig_St_Bool="1" />
    <Channel ID="SafeChannelOK03" Description="Status digital input (1=OK)" Safe="true" Ext="/SUB=SafeIN" Address="5" BitOffset="2" Direction="IN" Type="BOOL" Sig_St_Bool="1" />
    <Channel ID="SafeChannelOK04" Description="Status digital input (1=OK)" Safe="true" Ext="/SUB=SafeIN" Address="5" BitOffset="3" Direction="IN" Type="BOOL" Sig_St_Bool="1" />
    <Channel ID="SafeEquivalentOK0102" Description="Status 2-channel evaluation equivalent (1=OK)" Safe="true" Ext="/SUB=SafeIN" Address="5" BitOffset="4" Direction="IN" Type="BOOL" Sig_St_Bool="1" />
    <Channel ID="SafeAntivalentOK0102" Description="Status 2-channel evaluation antivalent (1=OK)" Safe="true" Ext="/SUB=SafeIN" Address="5" BitOffset="5" Direction="IN" Type="BOOL" Sig_St_Bool="1" />
    <Channel ID="SafeEquivalentOK0304" Description="Status 2-channel evaluation equivalent (1=OK)" Safe="true" Ext="/SUB=SafeIN" Address="5" BitOffset="6" Direction="IN" Type="BOOL" Sig_St_Bool="1" />
    <Channel ID="SafeAntivalentOK0304" Description="Status 2-channel evaluation antivalent (1=OK)" Safe="true" Ext="/SUB=SafeIN" Address="5" BitOffset="7" Direction="IN" Type="BOOL" Sig_St_Bool="1" />
    <Channel ID="BusModuleId" Description="Module ID of bus module" FromVersion="A3.08" Ext="/INFO" Address="0x80000180" Direction="IN" Type="UINT" Sig_St_Uint="1" Diagnose="/DIAG" />
    <Channel ID="ModeOfOperation" Description="Status of module" FromVersion="A3.08" Ext="/INFO" Address="0x80000181" Direction="IN" Type="USINT" Sig_St_Usint="1" Diagnose="/DIAG" />
    <Channel ID="ModeOfOperationChangeTime" Description="Time of last change of channel ModeOfOperation" FromVersion="A3.08" Ext="/INFO" Address="0xC0000181" Direction="IN" Type="DATE_AND_TIME" Sig_St_Dt="1" Diagnose="/DIAG" />
    <Channel ID="NrOfResets" Description="Number of resets of the station" FromVersion="A3.08" Ext="/INFO" Address="0x80000182" Direction="IN" Type="DINT" Sig_St_Dint="1" Diagnose="/DIAG" />
    <Channel ID="NrOfResetsChangeTime" Description="Time of last change of channel NrOfResets" FromVersion="A3.08" Ext="/INFO" Address="0xC0000182" Direction="IN" Type="DATE_AND_TIME" Sig_St_Dt="1" Diagnose="/DIAG" />
    <Channel ID="NrOfInits" Description="Number of inits of the station" FromVersion="A3.08" Ext="/INFO" Address="0x80000183" Direction="IN" Type="DINT" Sig_St_Dint="1" Diagnose="/DIAG" />
    <Channel ID="NrOfInitsChangeTime" Description="Time of last change of channel NrOfInits" FromVersion="A3.08" Ext="/INFO" Address="0xC0000183" Direction="IN" Type="DATE_AND_TIME" Sig_St_Dt="1" Diagnose="/DIAG" />
    <Channel ID="NrOfFwUpdates" Description="Number of FW updates of the station" FromVersion="A3.08" Ext="/INFO" Address="0x80000184" Direction="IN" Type="DINT" Sig_St_Dint="1" Diagnose="/DIAG" />
    <Channel ID="NrOfFwUpdatesChangeTime" Description="Time of last change of channel NrOfFwUpdates" FromVersion="A3.08" Ext="/INFO" Address="0xC0000184" Direction="IN" Type="DATE_AND_TIME" Sig_St_Dt="1" Diagnose="/DIAG" />
    <Channel ID="ModuleNoComm" Description="Number of missing answers from IO processor on IO module" FromVersion="A3.08" Ext="/INFO" Address="0x80000185" Direction="IN" Type="DINT" Sig_St_Dint="1" Diagnose="/DIAG" />
    <Channel ID="ModuleNoCommChangeTime" Description="Time of last change of channel ModuleNoComm" FromVersion="A3.08" Ext="/INFO" Address="0xC0000185" Direction="IN" Type="DATE_AND_TIME" Sig_St_Dt="1" Diagnose="/DIAG" />
    <Channel ID="ModuleCommError" Description="Number of communication errors to IO processor on IO module" FromVersion="A3.08" Ext="/INFO" Address="0x80000186" Direction="IN" Type="DINT" Sig_St_Dint="1" Diagnose="/DIAG" />
    <Channel ID="ModuleCommErrorChangeTime" Description="Time of last change of channel ModuleCommError" FromVersion="A3.08" Ext="/INFO" Address="0xC0000186" Direction="IN" Type="DATE_AND_TIME" Sig_St_Dt="1" Diagnose="/DIAG" />
  </Module>
  <Module ID="IF4.ST2.IF1.ST9" Hardware="X20SO4110" HardwareModuleName="X20SO4110" ModuleID="78">
    <Channel ID="ModuleOk" Description="Module status (1 = module present)" Ext="/OK" Address="0" Direction="IN" Type="BOOL" Sig_St_Bool="1" />
    <Channel ID="SerialNumber" Description="Serial number" Ext="/INFO" Address="4" Direction="IN" Type="UDINT" Sig_St_Udint="1" />
    <Channel ID="ModuleID" Description="Module ID" Ext="/INFO" Address="10" Direction="IN" Type="UINT" Sig_St_Uint="1" />
    <Channel ID="HardwareVariant" Description="Hardware variant" Ext="/INFO" Address="12" Direction="IN" Type="UINT" Sig_St_Uint="1" />
    <Channel ID="FirmwareVersion" Description="Firmware version" Ext="/INFO" Address="14" Direction="IN" Type="UINT" Sig_St_Uint="1" />
    <Channel ID="SafeModuleOK" Description="Safe Connection is acknowledged by the SN" Ext="/SUB=SafeIN" Address="1" BitOffset="2" Direction="IN" Type="BOOL" Sig_St_Bool="1" />
    <Channel ID="DigitalOutput01" Description="Enable signal" Ext="/SUB=PDOo" Address="0" BitOffset="0" Direction="OUT" Type="BOOL" Sig_Dig_05A_24VDC="1" />
    <Channel ID="DigitalOutput02" Description="Enable signal" Ext="/SUB=PDOo" Address="0" BitOffset="1" Direction="OUT" Type="BOOL" Sig_Dig_05A_24VDC="1" />
    <Channel ID="DigitalOutput03" Description="Enable signal" Ext="/SUB=PDOo" Address="0" BitOffset="2" Direction="OUT" Type="BOOL" Sig_Dig_05A_24VDC="1" />
    <Channel ID="DigitalOutput04" Description="Enable signal" Ext="/SUB=PDOo" Address="0" BitOffset="3" Direction="OUT" Type="BOOL" Sig_Dig_05A_24VDC="1" />
    <Channel ID="SafeChannelOK01" Description="Status digital output (1=OK)" Safe="true" Ext="/SUB=SafeIN" Address="4" BitOffset="0" Direction="IN" Type="BOOL" Sig_St_Bool="1" SODIndex="0x6000" SODSubIndex="0x01" />
    <Channel ID="SafeChannelOK02" Description="Status digital output (1=OK)" Safe="true" Ext="/SUB=SafeIN" Address="4" BitOffset="1" Direction="IN" Type="BOOL" Sig_St_Bool="1" />
    <Channel ID="SafeChannelOK03" Description="Status digital output (1=OK)" Safe="true" Ext="/SUB=SafeIN" Address="4" BitOffset="2" Direction="IN" Type="BOOL" Sig_St_Bool="1" />
    <Channel ID="SafeChannelOK04" Description="Status digital output (1=OK)" Safe="true" Ext="/SUB=SafeIN" Address="4" BitOffset="3" Direction="IN" Type="BOOL" Sig_St_Bool="1" />
    <Channel ID="PhysicalStateChannel1" Description="Read back value of channel" CrossLink="true" ToSafetyRelease="1.9" Ext="/SUB=PDOi" Address="0" BitOffset="0" Direction="IN" Type="BOOL" Sig_St_Bool="1" />
    <Channel ID="PhysicalStateChannel2" Description="Read back value of channel" CrossLink="true" ToSafetyRelease="1.9" Ext="/SUB=PDOi" Address="0" BitOffset="1" Direction="IN" Type="BOOL" Sig_St_Bool="1" />
    <Channel ID="PhysicalStateChannel3" Description="Read back value of channel" CrossLink="true" ToSafetyRelease="1.9" Ext="/SUB=PDOi" Address="0" BitOffset="2" Direction="IN" Type="BOOL" Sig_St_Bool="1" />
    <Channel ID="PhysicalStateChannel4" Description="Read back value of channel" CrossLink="true" ToSafetyRelease="1.9" Ext="/SUB=PDOi" Address="0" BitOffset="3" Direction="IN" Type="BOOL" Sig_St_Bool="1" />
    <Channel ID="CurrentOK01" Description="TRUE if current is between 50 mA and 0.5 A" CrossLink="true" ToSafetyRelease="1.9" Ext="/SUB=PDOi" Address="0" BitOffset="4" Direction="IN" Type="BOOL" Sig_St_Bool="1" />
    <Channel ID="CurrentOK02" Description="TRUE if current is between 50 mA and 0.5 A" CrossLink="true" ToSafetyRelease="1.9" Ext="/SUB=PDOi" Address="0" BitOffset="5" Direction="IN" Type="BOOL" Sig_St_Bool="1" />
    <Channel ID="CurrentOK03" Description="TRUE if current is between 50 mA and 0.5 A" CrossLink="true" ToSafetyRelease="1.9" Ext="/SUB=PDOi" Address="0" BitOffset="6" Direction="IN" Type="BOOL" Sig_St_Bool="1" />
    <Channel ID="CurrentOK04" Description="TRUE if current is between 50 mA and 0.5 A" CrossLink="true" ToSafetyRelease="1.9" Ext="/SUB=PDOi" Address="0" BitOffset="7" Direction="IN" Type="BOOL" Sig_St_Bool="1" />
    <Channel ID="BusModuleId" Description="Module ID of bus module" FromVersion="A3.08" Ext="/INFO" Address="0x80000180" Direction="IN" Type="UINT" Sig_St_Uint="1" Diagnose="/DIAG" />
    <Channel ID="ModeOfOperation" Description="Status of module" FromVersion="A3.08" Ext="/INFO" Address="0x80000181" Direction="IN" Type="USINT" Sig_St_Usint="1" Diagnose="/DIAG" />
    <Channel ID="ModeOfOperationChangeTime" Description="Time of last change of channel ModeOfOperation" FromVersion="A3.08" Ext="/INFO" Address="0xC0000181" Direction="IN" Type="DATE_AND_TIME" Sig_St_Dt="1" Diagnose="/DIAG" />
    <Channel ID="NrOfResets" Description="Number of resets of the station" FromVersion="A3.08" Ext="/INFO" Address="0x80000182" Direction="IN" Type="DINT" Sig_St_Dint="1" Diagnose="/DIAG" />
    <Channel ID="NrOfResetsChangeTime" Description="Time of last change of channel NrOfResets" FromVersion="A3.08" Ext="/INFO" Address="0xC0000182" Direction="IN" Type="DATE_AND_TIME" Sig_St_Dt="1" Diagnose="/DIAG" />
    <Channel ID="NrOfInits" Description="Number of inits of the station" FromVersion="A3.08" Ext="/INFO" Address="0x80000183" Direction="IN" Type="DINT" Sig_St_Dint="1" Diagnose="/DIAG" />
    <Channel ID="NrOfInitsChangeTime" Description="Time of last change of channel NrOfInits" FromVersion="A3.08" Ext="/INFO" Address="0xC0000183" Direction="IN" Type="DATE_AND_TIME" Sig_St_Dt="1" Diagnose="/DIAG" />
    <Channel ID="NrOfFwUpdates" Description="Number of FW updates of the station" FromVersion="A3.08" Ext="/INFO" Address="0x80000184" Direction="IN" Type="DINT" Sig_St_Dint="1" Diagnose="/DIAG" />
    <Channel ID="NrOfFwUpdatesChangeTime" Description="Time of last change of channel NrOfFwUpdates" FromVersion="A3.08" Ext="/INFO" Address="0xC0000184" Direction="IN" Type="DATE_AND_TIME" Sig_St_Dt="1" Diagnose="/DIAG" />
    <Channel ID="ModuleNoComm" Description="Number of missing answers from IO processor on IO module" FromVersion="A3.08" Ext="/INFO" Address="0x80000185" Direction="IN" Type="DINT" Sig_St_Dint="1" Diagnose="/DIAG" />
    <Channel ID="ModuleNoCommChangeTime" Description="Time of last change of channel ModuleNoComm" FromVersion="A3.08" Ext="/INFO" Address="0xC0000185" Direction="IN" Type="DATE_AND_TIME" Sig_St_Dt="1" Diagnose="/DIAG" />
    <Channel ID="ModuleCommError" Description="Number of communication errors to IO processor on IO module" FromVersion="A3.08" Ext="/INFO" Address="0x80000186" Direction="IN" Type="DINT" Sig_St_Dint="1" Diagnose="/DIAG" />
    <Channel ID="ModuleCommErrorChangeTime" Description="Time of last change of channel ModuleCommError" FromVersion="A3.08" Ext="/INFO" Address="0xC0000186" Direction="IN" Type="DATE_AND_TIME" Sig_St_Dt="1" Diagnose="/DIAG" />
  </Module>
  <Module ID="IF4.ST2.IF1.ST10" Hardware="X20BT9100" HardwareModuleName="X20BT9100" ModuleID="53" Simulatable="true">
    <Channel ID="ModuleOk" Description="Module status (1 = module present)" Ext="/OK" Address="0" Direction="IN" Type="BOOL" Sig_St_Bool="1" />
    <Channel ID="SerialNumber" Description="Serial number" FromVersion="A3.08" Ext="/INFO" Address="4" Direction="IN" Type="UDINT" Sig_St_Udint="1" />
    <Channel ID="ModuleID" Description="Module ID" FromVersion="A3.08" Ext="/INFO" Address="10" Direction="IN" Type="UINT" Sig_St_Uint="1" />
    <Channel ID="HardwareVariant" Description="Hardware variant" FromVersion="A3.08" Ext="/INFO" Address="12" Direction="IN" Type="UINT" Sig_St_Uint="1" />
    <Channel ID="FirmwareVersion" Description="Firmware version" FromVersion="A3.08" Ext="/INFO" Address="14" Direction="IN" Type="UINT" Sig_St_Uint="1" />
    <Channel ID="StatusInput01" Description="Bus power supply warning (1 = low voltage &lt;4.7 V)" Ext="/FIXED" Address="1" BitOffset="0" Direction="IN" Type="BOOL" Sig_St_Bool="1" />
    <Channel ID="StatusInput02" Description="I/O power supply warning (0 = DC OK)" Ext="/FIXED" Address="1" BitOffset="2" Direction="IN" Type="BOOL" Sig_St_Bool="1" />
    <Channel ID="BusModuleId" Description="Module ID of bus module" FromVersion="A3.08" Ext="/INFO" Address="0x80000180" Direction="IN" Type="UINT" Sig_St_Uint="1" Diagnose="/DIAG" />
    <Channel ID="ModeOfOperation" Description="Status of module" FromVersion="A3.08" Ext="/INFO" Address="0x80000181" Direction="IN" Type="USINT" Sig_St_Usint="1" Diagnose="/DIAG" />
    <Channel ID="ModeOfOperationChangeTime" Description="Time of last change of channel ModeOfOperation" FromVersion="A3.08" Ext="/INFO" Address="0xC0000181" Direction="IN" Type="DATE_AND_TIME" Sig_St_Dt="1" Diagnose="/DIAG" />
    <Channel ID="NrOfResets" Description="Number of resets of the station" FromVersion="A3.08" Ext="/INFO" Address="0x80000182" Direction="IN" Type="DINT" Sig_St_Dint="1" Diagnose="/DIAG" />
    <Channel ID="NrOfResetsChangeTime" Description="Time of last change of channel NrOfResets" FromVersion="A3.08" Ext="/INFO" Address="0xC0000182" Direction="IN" Type="DATE_AND_TIME" Sig_St_Dt="1" Diagnose="/DIAG" />
    <Channel ID="NrOfInits" Description="Number of inits of the station" FromVersion="A3.08" Ext="/INFO" Address="0x80000183" Direction="IN" Type="DINT" Sig_St_Dint="1" Diagnose="/DIAG" />
    <Channel ID="NrOfInitsChangeTime" Description="Time of last change of channel NrOfInits" FromVersion="A3.08" Ext="/INFO" Address="0xC0000183" Direction="IN" Type="DATE_AND_TIME" Sig_St_Dt="1" Diagnose="/DIAG" />
    <Channel ID="NrOfFwUpdates" Description="Number of FW updates of the station" FromVersion="A3.08" Ext="/INFO" Address="0x80000184" Direction="IN" Type="DINT" Sig_St_Dint="1" Diagnose="/DIAG" />
    <Channel ID="NrOfFwUpdatesChangeTime" Description="Time of last change of channel NrOfFwUpdates" FromVersion="A3.08" Ext="/INFO" Address="0xC0000184" Direction="IN" Type="DATE_AND_TIME" Sig_St_Dt="1" Diagnose="/DIAG" />
    <Channel ID="ModuleNoComm" Description="Number of missing answers from IO processor on IO module" FromVersion="A3.08" Ext="/INFO" Address="0x80000185" Direction="IN" Type="DINT" Sig_St_Dint="1" Diagnose="/DIAG" />
    <Channel ID="ModuleNoCommChangeTime" Description="Time of last change of channel ModuleNoComm" FromVersion="A3.08" Ext="/INFO" Address="0xC0000185" Direction="IN" Type="DATE_AND_TIME" Sig_St_Dt="1" Diagnose="/DIAG" />
    <Channel ID="ModuleCommError" Description="Number of communication errors to IO processor on IO module" FromVersion="A3.08" Ext="/INFO" Address="0x80000186" Direction="IN" Type="DINT" Sig_St_Dint="1" Diagnose="/DIAG" />
    <Channel ID="ModuleCommErrorChangeTime" Description="Time of last change of channel ModuleCommError" FromVersion="A3.08" Ext="/INFO" Address="0xC0000186" Direction="IN" Type="DATE_AND_TIME" Sig_St_Dt="1" Diagnose="/DIAG" />
  </Module>
  <Module ID="IF4.ST2.IF1.ST11" Hardware="8I64xxxxxxx.00x-1" HardwareModuleName="8I64xxxxxxx.00x-1" ModuleID="7" Simulatable="true">
    <Channel ID="ModuleOk" Description="Module status (1 = module present)" Ext="/OK" Address="0" Direction="IN" Type="BOOL" />
    <Channel ID="SerialNumber" Description="Serial number" FromVersion="A3.08" Ext="/INFO" Address="4" Direction="IN" Type="UDINT" Sig_St_Udint="1" />
    <Channel ID="ModuleID" Description="Module ID" FromVersion="A3.08" Ext="/INFO" Address="10" Direction="IN" Type="UINT" Sig_St_Uint="1" />
    <Channel ID="HardwareVariant" Description="Hardware variant" FromVersion="A3.08" Ext="/INFO" Address="12" Direction="IN" Type="UINT" Sig_St_Uint="1" />
    <Channel ID="FirmwareVersion" Description="Firmware version" FromVersion="A3.08" Ext="/INFO" Address="14" Direction="IN" Type="UINT" Sig_St_Uint="1" />
    <Channel ID="ETAD_Input" Description="Status parameter" Address="0x802" Direction="IN" Type="UINT" Sig_St_Uint="1" />
    <Channel ID="ETI_Input" Description="Extended status word" Address="0x812" Direction="IN" Type="UINT" Sig_St_Uint="1" />
    <Channel ID="RFRD_Input" Description="Output velocity [rpm]" Address="0x80A" Direction="IN" Type="INT" Sig_St_Int="1" />
    <Channel ID="OTR_Input" Description="Motor torque [%]" Address="0x81A" Direction="IN" Type="INT" Sig_St_Int="1" />
    <Channel ID="LCR_Input" Description="Motor current [0.1 A]" Address="0x822" Direction="IN" Type="UINT" Sig_St_Uint="1" />
    <Channel ID="THD_Input" Description="Drive thermal state [%]" Address="0x82A" Direction="IN" Type="UINT" Sig_St_Uint="1" />
    <Channel ID="THR_Input" Description="Motor thermal state [%]" Address="0x832" Direction="IN" Type="UINT" Sig_St_Uint="1" />
    <Channel ID="IOLR_Input_Bool_00" Description="Logic inputs states (Value of LI1)" Address="0x84A" BitOffset="0" Direction="IN" Type="BOOL" Sig_St_Bool="1" />
    <Channel ID="IOLR_Input_Bool_01" Description="Logic inputs states (Value of LI2)" Address="0x84A" BitOffset="1" Direction="IN" Type="BOOL" Sig_St_Bool="1" />
    <Channel ID="IOLR_Input_Bool_02" Description="Logic inputs states (Value of LI3)" Address="0x84A" BitOffset="2" Direction="IN" Type="BOOL" Sig_St_Bool="1" />
    <Channel ID="IOLR_Input_Bool_03" Description="Logic inputs states (Value of LI4)" Address="0x84A" BitOffset="3" Direction="IN" Type="BOOL" Sig_St_Bool="1" />
    <Channel ID="IOLR_Input_Bool_09" Description="Relay 02 state" Address="0x84A" BitOffset="9" Direction="IN" Type="BOOL" Sig_St_Bool="1" />
    <Channel ID="ERRD_Input" Description="CiA402 fault code" Address="0x83A" Direction="IN" Type="UINT" Sig_St_Uint="1" />
    <Channel ID="LFT_Input" Description="Last dedected fault" Address="0x842" Direction="IN" Type="INT" Sig_St_Int="1" />
    <Channel ID="CMDD_Output" Description="Control word" Address="0x802" Direction="OUT" Type="UINT" Sig_St_Uint="1" />
    <Channel ID="CMI_Output" Description="Extended control word" Address="0x812" Direction="OUT" Type="UINT" Sig_St_Uint="1" />
    <Channel ID="LFRD_Output" Description="Speed setpoint [rpm]" Address="0x80A" Direction="OUT" Type="INT" Sig_St_Int="1" />
    <Channel ID="IOLR_Output_Bool_09" Description="Relay 02" Address="0x81A" BitOffset="9" Direction="OUT" Type="BOOL" Sig_St_Bool="1" />
    <Channel ID="DigitalOutput01" Description="24 VDC / 0.5 A, source" Address="0x01" BitOffset="0" Direction="OUT" Type="BOOL" />
    <Channel ID="StatusDigitalOutput01" Description="Status digital output 01 (0 = OK)" Address="0x25" BitOffset="0" Direction="IN" Type="BOOL" />
    <Channel ID="BusModuleId" Description="Module ID of bus module" FromVersion="A3.08" Ext="/INFO" Address="0x80000180" Direction="IN" Type="UINT" Sig_St_Uint="1" Diagnose="/DIAG" />
    <Channel ID="ModeOfOperation" Description="Status of module" FromVersion="A3.08" Ext="/INFO" Address="0x80000181" Direction="IN" Type="USINT" Sig_St_Usint="1" Diagnose="/DIAG" />
    <Channel ID="ModeOfOperationChangeTime" Description="Time of last change of channel ModeOfOperation" FromVersion="A3.08" Ext="/INFO" Address="0xC0000181" Direction="IN" Type="DATE_AND_TIME" Sig_St_Dt="1" Diagnose="/DIAG" />
    <Channel ID="NrOfResets" Description="Number of resets of the station" FromVersion="A3.08" Ext="/INFO" Address="0x80000182" Direction="IN" Type="DINT" Sig_St_Dint="1" Diagnose="/DIAG" />
    <Channel ID="NrOfResetsChangeTime" Description="Time of last change of channel NrOfResets" FromVersion="A3.08" Ext="/INFO" Address="0xC0000182" Direction="IN" Type="DATE_AND_TIME" Sig_St_Dt="1" Diagnose="/DIAG" />
    <Channel ID="NrOfInits" Description="Number of inits of the station" FromVersion="A3.08" Ext="/INFO" Address="0x80000183" Direction="IN" Type="DINT" Sig_St_Dint="1" Diagnose="/DIAG" />
    <Channel ID="NrOfInitsChangeTime" Description="Time of last change of channel NrOfInits" FromVersion="A3.08" Ext="/INFO" Address="0xC0000183" Direction="IN" Type="DATE_AND_TIME" Sig_St_Dt="1" Diagnose="/DIAG" />
    <Channel ID="NrOfFwUpdates" Description="Number of FW updates of the station" FromVersion="A3.08" Ext="/INFO" Address="0x80000184" Direction="IN" Type="DINT" Sig_St_Dint="1" Diagnose="/DIAG" />
    <Channel ID="NrOfFwUpdatesChangeTime" Description="Time of last change of channel NrOfFwUpdates" FromVersion="A3.08" Ext="/INFO" Address="0xC0000184" Direction="IN" Type="DATE_AND_TIME" Sig_St_Dt="1" Diagnose="/DIAG" />
    <Channel ID="ModuleNoComm" Description="Number of missing answers from IO processor on IO module" FromVersion="A3.08" Ext="/INFO" Address="0x80000185" Direction="IN" Type="DINT" Sig_St_Dint="1" Diagnose="/DIAG" />
    <Channel ID="ModuleNoCommChangeTime" Description="Time of last change of channel ModuleNoComm" FromVersion="A3.08" Ext="/INFO" Address="0xC0000185" Direction="IN" Type="DATE_AND_TIME" Sig_St_Dt="1" Diagnose="/DIAG" />
    <Channel ID="ModuleCommError" Description="Number of communication errors to IO processor on IO module" FromVersion="A3.08" Ext="/INFO" Address="0x80000186" Direction="IN" Type="DINT" Sig_St_Dint="1" Diagnose="/DIAG" />
    <Channel ID="ModuleCommErrorChangeTime" Description="Time of last change of channel ModuleCommError" FromVersion="A3.08" Ext="/INFO" Address="0xC0000186" Direction="IN" Type="DATE_AND_TIME" Sig_St_Dt="1" Diagnose="/DIAG" />
  </Module>
  <Module ID="IF4.ST2.IF1.ST1" Hardware="X20PS9400a" HardwareModuleName="X20PS9400" ModuleID="66" Simulatable="true">
    <Channel ID="ModuleOk" Description="Module status (1 = module present)" Ext="/OK" Address="0" Direction="IN" Type="BOOL" Sig_St_Bool="1" />
    <Channel ID="SerialNumber" Description="Serial number" FromVersion="A3.08" Ext="/INFO" Address="4" Direction="IN" Type="UDINT" Sig_St_Udint="1" />
    <Channel ID="ModuleID" Description="Module ID" FromVersion="A3.08" Ext="/INFO" Address="10" Direction="IN" Type="UINT" Sig_St_Uint="1" />
    <Channel ID="HardwareVariant" Description="Hardware variant" FromVersion="A3.08" Ext="/INFO" Address="12" Direction="IN" Type="UINT" Sig_St_Uint="1" />
    <Channel ID="FirmwareVersion" Description="Firmware version" FromVersion="A3.08" Ext="/INFO" Address="14" Direction="IN" Type="UINT" Sig_St_Uint="1" />
    <Channel ID="StatusInput01" Description="Bus power supply warning (1 = over current &gt;2.3 A or low voltage &lt;4.7 V)" Ext="/FIXED" Address="1" BitOffset="0" Direction="IN" Type="BOOL" Sig_St_Bool="1" />
    <Channel ID="StatusInput02" Description="I/O power supply warning (0 = DC OK)" Ext="/FIXED" Address="1" BitOffset="2" Direction="IN" Type="BOOL" Sig_St_Bool="1" />
    <Channel ID="BusModuleId" Description="Module ID of bus module" FromVersion="A3.08" Ext="/INFO" Address="0x80000180" Direction="IN" Type="UINT" Sig_St_Uint="1" Diagnose="/DIAG" />
    <Channel ID="ModeOfOperation" Description="Status of module" FromVersion="A3.08" Ext="/INFO" Address="0x80000181" Direction="IN" Type="USINT" Sig_St_Usint="1" Diagnose="/DIAG" />
    <Channel ID="ModeOfOperationChangeTime" Description="Time of last change of channel ModeOfOperation" FromVersion="A3.08" Ext="/INFO" Address="0xC0000181" Direction="IN" Type="DATE_AND_TIME" Sig_St_Dt="1" Diagnose="/DIAG" />
    <Channel ID="NrOfResets" Description="Number of resets of the station" FromVersion="A3.08" Ext="/INFO" Address="0x80000182" Direction="IN" Type="DINT" Sig_St_Dint="1" Diagnose="/DIAG" />
    <Channel ID="NrOfResetsChangeTime" Description="Time of last change of channel NrOfResets" FromVersion="A3.08" Ext="/INFO" Address="0xC0000182" Direction="IN" Type="DATE_AND_TIME" Sig_St_Dt="1" Diagnose="/DIAG" />
    <Channel ID="NrOfInits" Description="Number of inits of the station" FromVersion="A3.08" Ext="/INFO" Address="0x80000183" Direction="IN" Type="DINT" Sig_St_Dint="1" Diagnose="/DIAG" />
    <Channel ID="NrOfInitsChangeTime" Description="Time of last change of channel NrOfInits" FromVersion="A3.08" Ext="/INFO" Address="0xC0000183" Direction="IN" Type="DATE_AND_TIME" Sig_St_Dt="1" Diagnose="/DIAG" />
    <Channel ID="NrOfFwUpdates" Description="Number of FW updates of the station" FromVersion="A3.08" Ext="/INFO" Address="0x80000184" Direction="IN" Type="DINT" Sig_St_Dint="1" Diagnose="/DIAG" />
    <Channel ID="NrOfFwUpdatesChangeTime" Description="Time of last change of channel NrOfFwUpdates" FromVersion="A3.08" Ext="/INFO" Address="0xC0000184" Direction="IN" Type="DATE_AND_TIME" Sig_St_Dt="1" Diagnose="/DIAG" />
    <Channel ID="ModuleNoComm" Description="Number of missing answers from IO processor on IO module" FromVersion="A3.08" Ext="/INFO" Address="0x80000185" Direction="IN" Type="DINT" Sig_St_Dint="1" Diagnose="/DIAG" />
    <Channel ID="ModuleNoCommChangeTime" Description="Time of last change of channel ModuleNoComm" FromVersion="A3.08" Ext="/INFO" Address="0xC0000185" Direction="IN" Type="DATE_AND_TIME" Sig_St_Dt="1" Diagnose="/DIAG" />
    <Channel ID="ModuleCommError" Description="Number of communication errors to IO processor on IO module" FromVersion="A3.08" Ext="/INFO" Address="0x80000186" Direction="IN" Type="DINT" Sig_St_Dint="1" Diagnose="/DIAG" />
    <Channel ID="ModuleCommErrorChangeTime" Description="Time of last change of channel ModuleCommError" FromVersion="A3.08" Ext="/INFO" Address="0xC0000186" Direction="IN" Type="DATE_AND_TIME" Sig_St_Dt="1" Diagnose="/DIAG" />
  </Module>
</ChannelConfiguration>