﻿<?xml version="1.0" encoding="utf-8"?>
<RuleSetOptions>
  <Rule ID="$(AS_PROJECT_PATH)\temp\objects\sampletext\4pp065_0571_p74\iomap.br">
    <Prerequisite ID="$(AS_PROJECT_PATH)\physical\sampletext\4pp065_0571_p74\iomap.iom" LastWriteTime="2024-11-01 14:48:16" />
    <Prerequisite ID="$(AS_PROJECT_PATH)\physical\sampletext\4pp065_0571_p74\pvmap.vvm" LastWriteTime="2016-09-27 07:11:40" />
    <Prerequisite ID="$(AS_PROJECT_PATH)\temp\objects\sampletext\4pp065_0571_p74\channelconfiguration.xml" LastWriteTime="2025-10-21 17:46:56" />
    <Prerequisite ID="$(AS_PROJECT_PATH)\physical\sampletext\hardware.hw" LastWriteTime="2025-10-21 18:26:32" />
    <Prerequisite ID="$(AS_PROJECT_PATH)\physical\sampletext\4pp065_0571_p74\cpu.sw" LastWriteTime="2024-11-01 14:45:14" />
    <Prerequisite ID="$(AS_PROJECT_PATH)\logical\libraries\drivelib\drivelib.fun" LastWriteTime="2024-10-11 14:51:54" />
    <CommandLine Parameter="&quot;$(AS_PROJECT_PATH)\Physical\SampleText\4PP065_0571_P74\IoMap.iom&quot; &quot;$(AS_PROJECT_PATH)\Physical\SampleText\4PP065_0571_P74\PvMap.vvm&quot; -m &quot;$(AS_PROJECT_PATH)\Temp\Objects\SampleText\4PP065_0571_P74\ConfigInfo.cfi&quot; -g &quot;$(AS_PROJECT_PATH)\Temp\Objects\Declarations.lst&quot; -x &quot;$(AS_PROJECT_PATH)\Temp\Objects\SampleText\4PP065_0571_P74\ChannelConfiguration.xml&quot; -v V1.00.0 -f &quot;$(AS_PROJECT_PATH)\Temp\Objects\SampleText\4PP065_0571_P74&quot; -iomap -o &quot;$(AS_PROJECT_PATH)\Temp\Objects\SampleText\4PP065_0571_P74\iomap.br&quot; -T SG4 -B D4.52 -P &quot;$(AS_PROJECT_PATH)&quot; -s &quot;SampleText.4PP065_0571_P74&quot;" />
  </Rule>
  <Rule ID="$(AS_PROJECT_PATH)\temp\objects\sampletext\4pp065_0571_p74\ashwac.br">
    <Prerequisite ID="$(AS_PROJECT_PATH)\physical\sampletext\hardware.hw" LastWriteTime="2025-10-21 18:26:32" />
    <CommandLine Parameter="&quot;$(AS_PROJECT_PATH)\Physical\SampleText\Hardware.hw&quot;  -o &quot;$(AS_PROJECT_PATH)\Temp\Objects\SampleText\4PP065_0571_P74\ashwac.br&quot; -L &quot;AsIecCon: V*, asstring: V*, astime: V*, DriveLib: V*, Operator: V*, Runtime: V*, sys_lib: V*&quot; -c &quot;SampleText&quot; -Z &quot;UnitSystem: n.d, TextSystem: n.d, ProgrammingSystem: n.d, Connectivity: n.d, AAS: n.d&quot; -M IA32 -B D4.52 -P &quot;$(AS_PROJECT_PATH)&quot; -s &quot;SampleText&quot; -T SG4 " />
  </Rule>
  <Rule ID="$(AS_PROJECT_PATH)\temp\objects\sampletext\4pp065_0571_p74\sysconf.br">
    <Prerequisite ID="$(AS_PROJECT_PATH)\physical\sampletext\hardware.hw" LastWriteTime="2025-10-21 18:26:32" />
    <CommandLine Parameter="&quot;$(AS_PROJECT_PATH)\Physical\SampleText\Hardware.hw&quot;  -c &quot;SampleText&quot; -sysconf -S &quot;4PP065_0571_P74&quot; -F 1.6 -o &quot;$(AS_PROJECT_PATH)\Temp\Objects\SampleText\4PP065_0571_P74\sysconf.br&quot; -T SG4 -B D4.52 -P &quot;$(AS_PROJECT_PATH)&quot; -s &quot;SampleText&quot; " />
  </Rule>
  <Rule ID="$(AS_PROJECT_PATH)\temp\objects\sampletext\4pp065_0571_p74\asfw.br">
    <Prerequisite ID="$(AS_PROJECT_PATH)\physical\sampletext\hardware.hw" LastWriteTime="2025-10-21 18:26:32" />
    <Prerequisite ID="c:\brautomation\as45\upgrades\modified.txt" LastWriteTime="2021-12-13 15:41:16" />
    <CommandLine Parameter="&quot;$(AS_PROJECT_PATH)\Physical\SampleText\Hardware.hw&quot;  -v V1.00.0 -S &quot;4PP065_0571_P74&quot; -o &quot;$(AS_PROJECT_PATH)\Temp\Objects\SampleText\4PP065_0571_P74\asfw.br&quot; -T SG4 -B D4.52 -P &quot;$(AS_PROJECT_PATH)&quot; -c &quot;SampleText&quot; -zip -s &quot;SampleText&quot; -firmware -F 1.6 " />
  </Rule>
  <Rule ID="$(AS_PROJECT_PATH)\temp\objects\sampletext\4pp065_0571_p74\ashwd.br">
    <Prerequisite ID="$(AS_PROJECT_PATH)\physical\sampletext\hardware.hw" LastWriteTime="2025-10-21 18:26:32" />
    <Prerequisite ID="c:\brautomation\as45\upgrades\modified.txt" LastWriteTime="2021-12-13 15:41:16" />
    <CommandLine Parameter="&quot;$(AS_PROJECT_PATH)\Physical\SampleText\Hardware.hw&quot;  -v V1.00.0 -S &quot;4PP065_0571_P74&quot; -o &quot;$(AS_PROJECT_PATH)\Temp\Objects\SampleText\4PP065_0571_P74\ashwd.br&quot; -T SG4 -B D4.52 -P &quot;$(AS_PROJECT_PATH)&quot; -c &quot;SampleText&quot; -zip -s &quot;SampleText&quot; -hwd -F 1.6 " />
  </Rule>
  <Rule ID="$(AS_PROJECT_PATH)\temp\objects\sampletext\4pp065_0571_p74\arconfig.br">
    <Prerequisite ID="$(AS_PROJECT_PATH)\physical\sampletext\4pp065_0571_p74\iomap.iom" LastWriteTime="2024-11-01 14:48:16" />
    <Prerequisite ID="$(AS_PROJECT_PATH)\physical\sampletext\hardware.hw" LastWriteTime="2025-10-21 18:26:32" />
    <CommandLine Parameter="&quot;$(AS_PROJECT_PATH)\Physical\SampleText\4PP065_0571_P74\IoMap.iom&quot; &quot;$(AS_PROJECT_PATH)\Physical\SampleText\Hardware.hw&quot;  -arconfig -C &quot;/RT=1000 /AM=* /SDT=5 /DA=2 /REPO=11159 /ANSL=1 /PT=11169&quot; -D &quot;/IF=tcpip /LOPO=11159 /SA=1&quot; -c &quot;SampleText&quot; -v V1.00.0 -S &quot;4PP065_0571_P74&quot; -F 1.6 -o &quot;$(AS_PROJECT_PATH)\Temp\Objects\SampleText\4PP065_0571_P74\arconfig.br&quot; &quot;$(AS_PROJECT_PATH)\Temp\Objects\SampleText\4PP065_0571_P74\ChannelConfiguration.xml&quot; &quot;$(AS_PROJECT_PATH)\Temp\Objects\SampleText\4PP065_0571_P74\HardwareConfiguration.xml&quot; &quot;$(AS_PROJECT_PATH)\Temp\Objects\SampleText\4PP065_0571_P74\ReActionTechnologyConfiguration.xml&quot; -T SG4 -B D4.52 -P &quot;$(AS_PROJECT_PATH)&quot; -s &quot;SampleText&quot; " />
  </Rule>
  <Rule ID="$(AS_PROJECT_PATH)\temp\objects\sampletext\4pp065_0571_p74\udbdef.br">
    <Prerequisite ID="c:\brautomation\as45\as\technologypackages\unitsystem\n.d\transfer\modules\sg4\udbdef.br" LastWriteTime="2018-11-12 17:25:24" />
    <CommandLine Parameter="/c copy /B /Y &quot;C:\BrAutomation\AS45\AS\TechnologyPackages\UnitSystem\n.d\Transfer\Modules\SG4\udbdef.br&quot; &quot;$(AS_PROJECT_PATH)\Temp\Objects\SampleText\4PP065_0571_P74\udbdef.br&quot; &gt; nul" />
  </Rule>
  <Rule ID="$(AS_PROJECT_PATH)\temp\objects\sampletext\4pp065_0571_p74\tcdata\tcdata.imx">
    <Prerequisite ID="c:\brautomation\as45\as\technologypackages\textsystem\n.d\objectcatalog\elements\textconfig\template\tc.textconfig" LastWriteTime="2018-11-12 17:25:24" />
    <CommandLine Parameter=" -o &quot;$(AS_PROJECT_PATH)\Temp\Objects\SampleText\4PP065_0571_P74\TCData\TCData.imx&quot; -c &quot;C:\BrAutomation\AS45\AS\TechnologyPackages\TextSystem\n.d\ObjectCatalog\Elements\TextConfig\Template\TC.textconfig&quot; -I &quot;C:\BrAutomation\AS\System\D0452&quot; &quot;C:\BrAutomation\AS45\AS\TechnologyPackages\UnitSystem\n.d&quot; -P &quot;$(AS_PROJECT_PATH)&quot;" />
  </Rule>
  <Rule ID="$(AS_PROJECT_PATH)\temp\objects\sampletext\4pp065_0571_p74\tcdata\tcdata.s18d">
    <Prerequisite ID="$(AS_PROJECT_PATH)\temp\objects\sampletext\4pp065_0571_p74\tcdata\tcdata.imx" LastWriteTime="2025-10-21 17:46:54" />
    <CommandLine Parameter="&quot;$(AS_PROJECT_PATH)\Temp\Objects\SampleText\4PP065_0571_P74\TCData\TCData.imx&quot; -o &quot;$(AS_PROJECT_PATH)\Temp\Objects\SampleText\4PP065_0571_P74\TCData\TCData.s18d&quot;" />
  </Rule>
  <Rule ID="$(AS_PROJECT_PATH)\temp\objects\sampletext\4pp065_0571_p74\tcdata.br">
    <Prerequisite ID="$(AS_PROJECT_PATH)\temp\objects\sampletext\4pp065_0571_p74\tcdata\tcdata.s18d" LastWriteTime="2025-10-21 17:46:56" />
    <CommandLine Parameter="&quot;$(AS_PROJECT_PATH)\Temp\Objects\SampleText\4PP065_0571_P74\TCData\TCData.s18d&quot;  -o &quot;$(AS_PROJECT_PATH)\Temp\Objects\SampleText\4PP065_0571_P74\TCData.br&quot; -t TextModule" />
  </Rule>
  <Rule ID="$(AS_PROJECT_PATH)\temp\objects\sampletext\4pp065_0571_p74\role.br">
    <Prerequisite ID="$(AS_PROJECT_PATH)\physical\sampletext\4pp065_0571_p74\accessandsecurity\userrolesystem\role.role" LastWriteTime="2016-09-27 07:11:40" />
    <CommandLine Parameter="&quot;$(AS_PROJECT_PATH)\Physical\SampleText\4PP065_0571_P74\AccessAndSecurity\UserRoleSystem\Role.role&quot;  -o &quot;$(AS_PROJECT_PATH)\Temp\Objects\SampleText\4PP065_0571_P74\Role.br&quot; -zip -B D4.52 -F 1.6 -z n.d -P &quot;$(AS_PROJECT_PATH)&quot; -c &quot;SampleText&quot; " />
  </Rule>
  <Rule ID="$(AS_PROJECT_PATH)\temp\objects\sampletext\4pp065_0571_p74\user.br">
    <Prerequisite ID="$(AS_PROJECT_PATH)\physical\sampletext\4pp065_0571_p74\accessandsecurity\userrolesystem\user.user" LastWriteTime="2016-09-27 07:11:40" />
    <CommandLine Parameter="&quot;$(AS_PROJECT_PATH)\Physical\SampleText\4PP065_0571_P74\AccessAndSecurity\UserRoleSystem\User.user&quot;  -o &quot;$(AS_PROJECT_PATH)\Temp\Objects\SampleText\4PP065_0571_P74\User.br&quot; -zip -B D4.52 -F 1.6 -z n.d -P &quot;$(AS_PROJECT_PATH)&quot; -c &quot;SampleText&quot; " />
  </Rule>
  <Rule ID="$(AS_PROJECT_PATH)\temp\objects\sampletext\4pp065_0571_p74\program.br">
    <Prerequisite ID="$(AS_PROJECT_PATH)\temp\objects\sampletext\4pp065_0571_p74\program\program.ox" LastWriteTime="2025-10-21 18:32:28" />
    <Prerequisite ID="$(AS_PROJECT_PATH)\physical\sampletext\4pp065_0571_p74\cpu.per" LastWriteTime="2016-09-27 07:11:40" />
    <Prerequisite ID="$(AS_PROJECT_PATH)\logical\libraries\drivelib\drivelib.fun" LastWriteTime="2024-10-11 14:51:54" />
    <Prerequisite ID="$(AS_PROJECT_PATH)\logical\program\variables.var" LastWriteTime="2024-11-01 14:20:50" />
    <CommandLine Parameter="&quot;$(AS_PROJECT_PATH)\Temp\Objects\SampleText\4PP065_0571_P74\Program\Program.ox&quot;  -o &quot;$(AS_PROJECT_PATH)\Temp\Objects\SampleText\4PP065_0571_P74\Program.br&quot; -v V1.00.0 -f &quot;$(AS_PROJECT_PATH)\Temp\Objects\SampleText\4PP065_0571_P74\NT.ofs&quot; -offsetLT &quot;$(AS_PROJECT_PATH)\Binaries\SampleText\4PP065_0571_P74\LT.ofs&quot; -T SG4 -M IA32 -B D4.52 -G V4.1.2  -extConstants -r Cyclic4 -p 2 -s &quot;Program&quot; -L &quot;AsIecCon: V*, asstring: V*, astime: V*, DriveLib: V*, Operator: V*, Runtime: V*, sys_lib: V*&quot; -P &quot;$(AS_PROJECT_PATH)&quot; " />
    <AdditionalBuildTrigger Key="VolatileMemory" Value="65535" />
    <AdditionalBuildTrigger Key="PermanentAnalogMemory" Value="0" />
    <AdditionalBuildTrigger Key="PermanentDigitalMemory" Value="0" />
    <AdditionalBuildTrigger Key="RemanentMemory" Value="4096" />
  </Rule>
  <Rule ID="$(AS_PROJECT_PATH)\temp\objects\sampletext\4pp065_0571_p74\program\program.ox">
    <Prerequisite ID="$(AS_PROJECT_PATH)\temp\objects\sampletext\4pp065_0571_p74\program\a.out" LastWriteTime="2025-10-21 18:32:28" />
    <Prerequisite ID="$(AS_PROJECT_PATH)\logical\libraries\drivelib\drivelib.fun" LastWriteTime="2024-10-11 14:51:54" />
    <Prerequisite ID="$(AS_PROJECT_PATH)\logical\program\variables.var" LastWriteTime="2024-11-01 14:20:50" />
    <CommandLine Parameter="&quot;$(AS_PROJECT_PATH)\Temp\Objects\SampleText\4PP065_0571_P74\Program\a.out&quot;  -o &quot;$(AS_PROJECT_PATH)\Temp\Objects\SampleText\4PP065_0571_P74\Program\Program.ox&quot; -T SG4 -r Cyclic4 -G V4.1.2  -B D4.52 " />
  </Rule>
  <Rule ID="$(AS_PROJECT_PATH)\temp\objects\sampletext\4pp065_0571_p74\program\a.out">
    <Prerequisite ID="$(AS_PROJECT_PATH)\temp\objects\sampletext\4pp065_0571_p74\program\cyclic.c.o" LastWriteTime="2025-10-21 17:46:48" />
    <Prerequisite ID="$(AS_PROJECT_PATH)\temp\objects\sampletext\4pp065_0571_p74\program\init.c.o" LastWriteTime="2025-10-21 18:32:28" />
    <Prerequisite ID="$(AS_PROJECT_PATH)\temp\objects\sampletext\4pp065_0571_p74\program\exit.c.o" LastWriteTime="2025-10-21 17:46:48" />
    <Prerequisite ID="$(AS_PROJECT_PATH)\temp\objects\sampletext\4pp065_0571_p74\program\_bur_pvdef.c.o" LastWriteTime="2025-10-21 18:32:28" />
    <Prerequisite ID="$(AS_PROJECT_PATH)\logical\libraries\drivelib\drivelib.fun" LastWriteTime="2024-10-11 14:51:54" />
    <Prerequisite ID="$(AS_PROJECT_PATH)\logical\program\variables.var" LastWriteTime="2024-11-01 14:20:50" />
    <CommandLine Parameter=" -link &quot;$(AS_PROJECT_PATH)\Temp\Objects\SampleText\4PP065_0571_P74\Program\Cyclic.c.o&quot; &quot;$(AS_PROJECT_PATH)\Temp\Objects\SampleText\4PP065_0571_P74\Program\Init.c.o&quot; &quot;$(AS_PROJECT_PATH)\Temp\Objects\SampleText\4PP065_0571_P74\Program\Exit.c.o&quot; &quot;$(AS_PROJECT_PATH)\Temp\Objects\SampleText\4PP065_0571_P74\Program\_bur_pvdef.c.o&quot;  -o &quot;$(AS_PROJECT_PATH)\Temp\Objects\SampleText\4PP065_0571_P74\Program\a.out&quot; -G V4.1.2  -T SG4 -M IA32 &quot;-Wl,$(AS_PROJECT_PATH)\Temp\Archives\SampleText\4PP065_0571_P74\libDriveLib.a&quot; &quot;-Wl,C:\BrAutomation\AS\System\D0452\SG4\IA32\libAsIecCon.a&quot; &quot;-Wl,C:\BrAutomation\AS\System\D0452\SG4\IA32\libsys_lib.a&quot; &quot;-Wl,C:\BrAutomation\AS\System\D0452\SG4\IA32\libastime.a&quot; &quot;-Wl,C:\BrAutomation\AS\System\D0452\SG4\IA32\libasstring.a&quot; &quot;-Wl,C:\BrAutomation\AS\System\D0452\SG4\IA32\liboperator.a&quot; &quot;-Wl,C:\BrAutomation\AS\System\D0452\SG4\IA32\libruntime.a&quot; -specs=I386specs_brelf" />
  </Rule>
  <Rule ID="$(AS_PROJECT_PATH)\temp\objects\sampletext\4pp065_0571_p74\program\cyclic.c.o">
    <Prerequisite ID="$(AS_PROJECT_PATH)\logical\program\cyclic.c" LastWriteTime="2024-11-01 14:26:32" />
    <Prerequisite ID="$(AS_PROJECT_PATH)\logical\libraries\drivelib\drivelib.fun" LastWriteTime="2024-10-11 14:51:54" />
    <Prerequisite ID="$(AS_PROJECT_PATH)\logical\program\variables.var" LastWriteTime="2024-11-01 14:20:50" />
    <Prerequisite ID="c:\brautomation\as45\as\gnuinst\v4.1.2\i386-elf\include\bur\plctypes.h" LastWriteTime="2018-11-12 17:25:24" />
    <Prerequisite ID="c:\brautomation\as45\as\gnuinst\v4.1.2\i386-elf\include\bur\plc.h" LastWriteTime="2018-11-12 17:25:24" />
    <CommandLine Parameter="&quot;$(AS_PROJECT_PATH)\Logical\Program\Cyclic.c&quot;  -o &quot;$(AS_PROJECT_PATH)\Temp\Objects\SampleText\4PP065_0571_P74\Program\Cyclic.c.o&quot; -T SG4 -M IA32 -B D4.52 -G V4.1.2  -s &quot;Program&quot; -t &quot;$(AS_PROJECT_PATH)\Temp&quot; -specs=I386specs_brelf -I &quot;$(AS_PROJECT_PATH)\Logical\Program&quot; &quot;$(AS_PROJECT_PATH)\Temp\Includes\Program&quot; &quot;$(AS_PROJECT_PATH)\Temp\Includes&quot; -trigraphs -fno-asm -D _DEFAULT_INCLUDES -D _SG4 -fPIC -O0 -g -Wall -include &quot;$(AS_PROJECT_PATH)\Temp\Objects\SampleText\4PP065_0571_P74\Libraries.h&quot; -x c -P &quot;$(AS_PROJECT_PATH)&quot;" />
    <AdditionalBuildTrigger Key="IecDeclarationsInAnsiC" Value="False" />
  </Rule>
  <Rule ID="$(AS_PROJECT_PATH)\temp\objects\sampletext\4pp065_0571_p74\program\init.c.o">
    <Prerequisite ID="$(AS_PROJECT_PATH)\logical\program\init.c" LastWriteTime="2025-10-21 18:32:20" />
    <Prerequisite ID="$(AS_PROJECT_PATH)\logical\libraries\drivelib\drivelib.fun" LastWriteTime="2024-10-11 14:51:54" />
    <Prerequisite ID="$(AS_PROJECT_PATH)\logical\program\variables.var" LastWriteTime="2024-11-01 14:20:50" />
    <Prerequisite ID="c:\brautomation\as45\as\gnuinst\v4.1.2\i386-elf\include\bur\plctypes.h" LastWriteTime="2018-11-12 17:25:24" />
    <Prerequisite ID="c:\brautomation\as45\as\gnuinst\v4.1.2\i386-elf\include\bur\plc.h" LastWriteTime="2018-11-12 17:25:24" />
    <CommandLine Parameter="&quot;$(AS_PROJECT_PATH)\Logical\Program\Init.c&quot;  -o &quot;$(AS_PROJECT_PATH)\Temp\Objects\SampleText\4PP065_0571_P74\Program\Init.c.o&quot; -T SG4 -M IA32 -B D4.52 -G V4.1.2  -s &quot;Program&quot; -t &quot;$(AS_PROJECT_PATH)\Temp&quot; -specs=I386specs_brelf -I &quot;$(AS_PROJECT_PATH)\Logical\Program&quot; &quot;$(AS_PROJECT_PATH)\Temp\Includes\Program&quot; &quot;$(AS_PROJECT_PATH)\Temp\Includes&quot; -trigraphs -fno-asm -D _DEFAULT_INCLUDES -D _SG4 -fPIC -O0 -g -Wall -include &quot;$(AS_PROJECT_PATH)\Temp\Objects\SampleText\4PP065_0571_P74\Libraries.h&quot; -x c -P &quot;$(AS_PROJECT_PATH)&quot;" />
    <AdditionalBuildTrigger Key="IecDeclarationsInAnsiC" Value="False" />
  </Rule>
  <Rule ID="$(AS_PROJECT_PATH)\temp\objects\sampletext\4pp065_0571_p74\program\exit.c.o">
    <Prerequisite ID="$(AS_PROJECT_PATH)\logical\program\exit.c" LastWriteTime="2024-10-11 14:04:04" />
    <Prerequisite ID="$(AS_PROJECT_PATH)\logical\libraries\drivelib\drivelib.fun" LastWriteTime="2024-10-11 14:51:54" />
    <Prerequisite ID="$(AS_PROJECT_PATH)\logical\program\variables.var" LastWriteTime="2024-11-01 14:20:50" />
    <Prerequisite ID="c:\brautomation\as45\as\gnuinst\v4.1.2\i386-elf\include\bur\plctypes.h" LastWriteTime="2018-11-12 17:25:24" />
    <Prerequisite ID="c:\brautomation\as45\as\gnuinst\v4.1.2\i386-elf\include\bur\plc.h" LastWriteTime="2018-11-12 17:25:24" />
    <CommandLine Parameter="&quot;$(AS_PROJECT_PATH)\Logical\Program\Exit.c&quot;  -o &quot;$(AS_PROJECT_PATH)\Temp\Objects\SampleText\4PP065_0571_P74\Program\Exit.c.o&quot; -T SG4 -M IA32 -B D4.52 -G V4.1.2  -s &quot;Program&quot; -t &quot;$(AS_PROJECT_PATH)\Temp&quot; -specs=I386specs_brelf -I &quot;$(AS_PROJECT_PATH)\Logical\Program&quot; &quot;$(AS_PROJECT_PATH)\Temp\Includes\Program&quot; &quot;$(AS_PROJECT_PATH)\Temp\Includes&quot; -trigraphs -fno-asm -D _DEFAULT_INCLUDES -D _SG4 -fPIC -O0 -g -Wall -include &quot;$(AS_PROJECT_PATH)\Temp\Objects\SampleText\4PP065_0571_P74\Libraries.h&quot; -x c -P &quot;$(AS_PROJECT_PATH)&quot;" />
    <AdditionalBuildTrigger Key="IecDeclarationsInAnsiC" Value="False" />
  </Rule>
  <Rule ID="$(AS_PROJECT_PATH)\temp\objects\sampletext\4pp065_0571_p74\program\_bur_pvdef.c.o">
    <Prerequisite ID="c:\brautomation\as45\as\gnuinst\v4.1.2\i386-elf\include\bur\_bur_pvdef.c" LastWriteTime="2018-11-12 17:25:24" />
    <Prerequisite ID="$(AS_PROJECT_PATH)\temp\objects\sampletext\4pp065_0571_p74\program\cyclic.c.o" LastWriteTime="2025-10-21 17:46:48" />
    <Prerequisite ID="$(AS_PROJECT_PATH)\temp\objects\sampletext\4pp065_0571_p74\program\init.c.o" LastWriteTime="2025-10-21 18:32:28" />
    <Prerequisite ID="$(AS_PROJECT_PATH)\temp\objects\sampletext\4pp065_0571_p74\program\exit.c.o" LastWriteTime="2025-10-21 17:46:48" />
    <Prerequisite ID="$(AS_PROJECT_PATH)\logical\libraries\drivelib\drivelib.fun" LastWriteTime="2024-10-11 14:51:54" />
    <Prerequisite ID="$(AS_PROJECT_PATH)\logical\program\variables.var" LastWriteTime="2024-11-01 14:20:50" />
    <Prerequisite ID="c:\brautomation\as45\as\gnuinst\v4.1.2\i386-elf\include\bur\plctypes.h" LastWriteTime="2018-11-12 17:25:24" />
    <Prerequisite ID="c:\brautomation\as45\as\gnuinst\v4.1.2\i386-elf\include\bur\plc.h" LastWriteTime="2018-11-12 17:25:24" />
    <CommandLine Parameter="&quot;C:\BrAutomation\AS45\AS\GnuInst\V4.1.2\i386-elf\include\bur\_bur_pvdef.c&quot;  -o &quot;$(AS_PROJECT_PATH)\Temp\Objects\SampleText\4PP065_0571_P74\Program\_bur_pvdef.c.o&quot; -T SG4 -M IA32 -B D4.52 -G V4.1.2  -s &quot;Program&quot; -t &quot;$(AS_PROJECT_PATH)\Temp&quot; -specs=I386specs_brelf -I &quot;$(AS_PROJECT_PATH)\Logical\Program&quot; &quot;$(AS_PROJECT_PATH)\Temp\Includes\Program&quot; &quot;$(AS_PROJECT_PATH)\Temp\Includes&quot; -trigraphs -fno-asm -D _DEFAULT_INCLUDES -D _SG4 -fPIC -O0 -g -Wall -include &quot;$(AS_PROJECT_PATH)\Temp\Objects\SampleText\4PP065_0571_P74\Libraries.h&quot; -x c -P &quot;$(AS_PROJECT_PATH)&quot;" />
    <AdditionalBuildTrigger Key="IecDeclarationsInAnsiC" Value="False" />
  </Rule>
  <Rule ID="$(AS_PROJECT_PATH)\temp\objects\sampletext\4pp065_0571_p74\sys_lib.br">
    <Prerequisite ID="c:\brautomation\as\system\d0452\sg4\ia32\sys_lib.br" LastWriteTime="2018-12-06 02:00:56" />
    <CommandLine Parameter="/c copy /B /Y &quot;C:\BrAutomation\AS\System\D0452\SG4\IA32\sys_lib.br&quot; &quot;$(AS_PROJECT_PATH)\Temp\Objects\SampleText\4PP065_0571_P74\sys_lib.br&quot; &gt; nul" />
  </Rule>
  <Rule ID="$(AS_PROJECT_PATH)\temp\objects\sampletext\4pp065_0571_p74\runtime.br">
    <Prerequisite ID="c:\brautomation\as\system\d0452\sg4\ia32\runtime.br" LastWriteTime="2018-12-06 02:00:56" />
    <CommandLine Parameter="/c copy /B /Y &quot;C:\BrAutomation\AS\System\D0452\SG4\IA32\runtime.br&quot; &quot;$(AS_PROJECT_PATH)\Temp\Objects\SampleText\4PP065_0571_P74\runtime.br&quot; &gt; nul" />
  </Rule>
  <Rule ID="$(AS_PROJECT_PATH)\temp\objects\sampletext\4pp065_0571_p74\asstring.br">
    <Prerequisite ID="c:\brautomation\as\system\d0452\sg4\ia32\asstring.br" LastWriteTime="2018-12-06 02:00:52" />
    <CommandLine Parameter="/c copy /B /Y &quot;C:\BrAutomation\AS\System\D0452\SG4\IA32\asstring.br&quot; &quot;$(AS_PROJECT_PATH)\Temp\Objects\SampleText\4PP065_0571_P74\asstring.br&quot; &gt; nul" />
  </Rule>
  <Rule ID="$(AS_PROJECT_PATH)\temp\objects\sampletext\4pp065_0571_p74\drivelib.br">
    <Prerequisite ID="$(AS_PROJECT_PATH)\temp\objects\sampletext\4pp065_0571_p74\drivelib\drivelib.ox" LastWriteTime="2025-10-21 17:46:50" />
    <Prerequisite ID="$(AS_PROJECT_PATH)\logical\libraries\drivelib\ansic.lby" LastWriteTime="2024-10-11 14:39:40" />
    <Prerequisite ID="$(AS_PROJECT_PATH)\logical\libraries\drivelib\drivelib.fun" LastWriteTime="2024-10-11 14:51:54" />
    <CommandLine Parameter="&quot;$(AS_PROJECT_PATH)\Temp\Objects\SampleText\4PP065_0571_P74\DriveLib\DriveLib.ox&quot;  -o &quot;$(AS_PROJECT_PATH)\Temp\Objects\SampleText\4PP065_0571_P74\DriveLib.br&quot; -v V1.00.0 -f &quot;$(AS_PROJECT_PATH)\Temp\Objects\SampleText\4PP065_0571_P74\NT.ofs&quot; -offsetLT &quot;$(AS_PROJECT_PATH)\Binaries\SampleText\4PP065_0571_P74\LT.ofs&quot; -T SG4 -M IA32 -B D4.52 -G V4.1.2  -extConstants -r Library -s &quot;Libraries.DriveLib&quot; -L &quot;AsIecCon: V*, asstring: V*, astime: V*, DriveLib: V*, Operator: V*, Runtime: V*, sys_lib: V*&quot; -P &quot;$(AS_PROJECT_PATH)&quot; " />
  </Rule>
  <Rule ID="$(AS_PROJECT_PATH)\temp\objects\sampletext\4pp065_0571_p74\drivelib\drivelib.ox">
    <Prerequisite ID="$(AS_PROJECT_PATH)\temp\objects\sampletext\4pp065_0571_p74\drivelib\a.out" LastWriteTime="2025-10-21 17:46:50" />
    <Prerequisite ID="$(AS_PROJECT_PATH)\logical\libraries\drivelib\drivelib.fun" LastWriteTime="2024-10-11 14:51:54" />
    <CommandLine Parameter="&quot;$(AS_PROJECT_PATH)\Temp\Objects\SampleText\4PP065_0571_P74\DriveLib\a.out&quot;  -o &quot;$(AS_PROJECT_PATH)\Temp\Objects\SampleText\4PP065_0571_P74\DriveLib\DriveLib.ox&quot; -T SG4 -r Library -G V4.1.2  -B D4.52 " />
  </Rule>
  <Rule ID="$(AS_PROJECT_PATH)\temp\objects\sampletext\4pp065_0571_p74\drivelib\a.out">
    <Prerequisite ID="$(AS_PROJECT_PATH)\temp\objects\sampletext\4pp065_0571_p74\drivelib\drivestatemachine.c.o" LastWriteTime="2025-10-21 17:46:48" />
    <Prerequisite ID="$(AS_PROJECT_PATH)\temp\objects\sampletext\4pp065_0571_p74\drivelib\doorstaetmachine.c.o" LastWriteTime="2025-10-21 17:46:48" />
    <Prerequisite ID="$(AS_PROJECT_PATH)\temp\objects\sampletext\4pp065_0571_p74\drivelib\ledstatemachine.c.o" LastWriteTime="2025-10-21 17:46:50" />
    <Prerequisite ID="$(AS_PROJECT_PATH)\logical\libraries\drivelib\drivelib.fun" LastWriteTime="2024-10-11 14:51:54" />
    <CommandLine Parameter=" -link &quot;$(AS_PROJECT_PATH)\Temp\Objects\SampleText\4PP065_0571_P74\DriveLib\DriveStateMachine.c.o&quot; &quot;$(AS_PROJECT_PATH)\Temp\Objects\SampleText\4PP065_0571_P74\DriveLib\DoorStaetMachine.c.o&quot; &quot;$(AS_PROJECT_PATH)\Temp\Objects\SampleText\4PP065_0571_P74\DriveLib\LedStateMachine.c.o&quot;  -o &quot;$(AS_PROJECT_PATH)\Temp\Objects\SampleText\4PP065_0571_P74\DriveLib\a.out&quot; &quot;-Wl,--version-script=$(AS_PROJECT_PATH)\Temp\Archives\SampleText\4PP065_0571_P74\libDriveLib.expmap&quot; -G V4.1.2  -T SG4 -M IA32 &quot;-Wl,C:\BrAutomation\AS\System\D0452\SG4\IA32\libAsIecCon.a&quot; &quot;-Wl,C:\BrAutomation\AS\System\D0452\SG4\IA32\libsys_lib.a&quot; &quot;-Wl,C:\BrAutomation\AS\System\D0452\SG4\IA32\libastime.a&quot; &quot;-Wl,C:\BrAutomation\AS\System\D0452\SG4\IA32\libasstring.a&quot; &quot;-Wl,C:\BrAutomation\AS\System\D0452\SG4\IA32\liboperator.a&quot; &quot;-Wl,C:\BrAutomation\AS\System\D0452\SG4\IA32\libruntime.a&quot; -specs=I386specs_brelf" />
  </Rule>
  <Rule ID="$(AS_PROJECT_PATH)\temp\objects\sampletext\4pp065_0571_p74\drivelib\drivestatemachine.c.o">
    <Prerequisite ID="$(AS_PROJECT_PATH)\logical\libraries\drivelib\drivestatemachine.c" LastWriteTime="2024-11-01 14:13:14" />
    <Prerequisite ID="c:\brautomation\as45\as\gnuinst\v4.1.2\i386-elf\include\bur\plctypes.h" LastWriteTime="2018-11-12 17:25:24" />
    <Prerequisite ID="c:\brautomation\as45\as\gnuinst\v4.1.2\i386-elf\include\bur\plc.h" LastWriteTime="2018-11-12 17:25:24" />
    <Prerequisite ID="$(AS_PROJECT_PATH)\temp\includes\drivelib.h" LastWriteTime="2025-10-21 17:46:48" />
    <CommandLine Parameter="&quot;$(AS_PROJECT_PATH)\Logical\Libraries\DriveLib\DriveStateMachine.c&quot;  -o &quot;$(AS_PROJECT_PATH)\Temp\Objects\SampleText\4PP065_0571_P74\DriveLib\DriveStateMachine.c.o&quot; -T SG4 -M IA32 -B D4.52 -G V4.1.2  -s &quot;Libraries.DriveLib&quot; -t &quot;$(AS_PROJECT_PATH)\Temp&quot; -specs=I386specs_brelf -r Library -I &quot;$(AS_PROJECT_PATH)\Logical\Libraries\DriveLib&quot; &quot;$(AS_PROJECT_PATH)\Temp\Includes\Libraries\DriveLib&quot; &quot;$(AS_PROJECT_PATH)\Temp\Includes&quot; -trigraphs -fno-asm -D _DEFAULT_INCLUDES -D _SG4 -fPIC -O0 -g -Wall -include &quot;$(AS_PROJECT_PATH)\Temp\Objects\SampleText\4PP065_0571_P74\Libraries.h&quot; -D _DRIVELIB_EXPORT -x c -P &quot;$(AS_PROJECT_PATH)&quot;" />
  </Rule>
  <Rule ID="$(AS_PROJECT_PATH)\temp\objects\sampletext\4pp065_0571_p74\drivelib\doorstaetmachine.c.o">
    <Prerequisite ID="$(AS_PROJECT_PATH)\logical\libraries\drivelib\doorstaetmachine.c" LastWriteTime="2025-10-14 17:24:24" />
    <Prerequisite ID="c:\brautomation\as45\as\gnuinst\v4.1.2\i386-elf\include\bur\plctypes.h" LastWriteTime="2018-11-12 17:25:24" />
    <Prerequisite ID="c:\brautomation\as45\as\gnuinst\v4.1.2\i386-elf\include\bur\plc.h" LastWriteTime="2018-11-12 17:25:24" />
    <Prerequisite ID="$(AS_PROJECT_PATH)\temp\includes\drivelib.h" LastWriteTime="2025-10-21 17:46:48" />
    <CommandLine Parameter="&quot;$(AS_PROJECT_PATH)\Logical\Libraries\DriveLib\DoorStaetMachine.c&quot;  -o &quot;$(AS_PROJECT_PATH)\Temp\Objects\SampleText\4PP065_0571_P74\DriveLib\DoorStaetMachine.c.o&quot; -T SG4 -M IA32 -B D4.52 -G V4.1.2  -s &quot;Libraries.DriveLib&quot; -t &quot;$(AS_PROJECT_PATH)\Temp&quot; -specs=I386specs_brelf -r Library -I &quot;$(AS_PROJECT_PATH)\Logical\Libraries\DriveLib&quot; &quot;$(AS_PROJECT_PATH)\Temp\Includes\Libraries\DriveLib&quot; &quot;$(AS_PROJECT_PATH)\Temp\Includes&quot; -trigraphs -fno-asm -D _DEFAULT_INCLUDES -D _SG4 -fPIC -O0 -g -Wall -include &quot;$(AS_PROJECT_PATH)\Temp\Objects\SampleText\4PP065_0571_P74\Libraries.h&quot; -D _DRIVELIB_EXPORT -x c -P &quot;$(AS_PROJECT_PATH)&quot;" />
  </Rule>
  <Rule ID="$(AS_PROJECT_PATH)\temp\objects\sampletext\4pp065_0571_p74\drivelib\ledstatemachine.c.o">
    <Prerequisite ID="$(AS_PROJECT_PATH)\logical\libraries\drivelib\ledstatemachine.c" LastWriteTime="2025-10-14 17:44:56" />
    <Prerequisite ID="c:\brautomation\as45\as\gnuinst\v4.1.2\i386-elf\include\bur\plctypes.h" LastWriteTime="2018-11-12 17:25:24" />
    <Prerequisite ID="c:\brautomation\as45\as\gnuinst\v4.1.2\i386-elf\include\bur\plc.h" LastWriteTime="2018-11-12 17:25:24" />
    <Prerequisite ID="$(AS_PROJECT_PATH)\temp\includes\drivelib.h" LastWriteTime="2025-10-21 17:46:48" />
    <CommandLine Parameter="&quot;$(AS_PROJECT_PATH)\Logical\Libraries\DriveLib\LedStateMachine.c&quot;  -o &quot;$(AS_PROJECT_PATH)\Temp\Objects\SampleText\4PP065_0571_P74\DriveLib\LedStateMachine.c.o&quot; -T SG4 -M IA32 -B D4.52 -G V4.1.2  -s &quot;Libraries.DriveLib&quot; -t &quot;$(AS_PROJECT_PATH)\Temp&quot; -specs=I386specs_brelf -r Library -I &quot;$(AS_PROJECT_PATH)\Logical\Libraries\DriveLib&quot; &quot;$(AS_PROJECT_PATH)\Temp\Includes\Libraries\DriveLib&quot; &quot;$(AS_PROJECT_PATH)\Temp\Includes&quot; -trigraphs -fno-asm -D _DEFAULT_INCLUDES -D _SG4 -fPIC -O0 -g -Wall -include &quot;$(AS_PROJECT_PATH)\Temp\Objects\SampleText\4PP065_0571_P74\Libraries.h&quot; -D _DRIVELIB_EXPORT -x c -P &quot;$(AS_PROJECT_PATH)&quot;" />
  </Rule>
  <Rule ID="#cpu_tp.mak">
    <CommandLine Parameter=" -r -f &quot;$(AS_PROJECT_PATH)\Temp\Objects\SampleText\4PP065_0571_P74\#cpu_tp.mak&quot; -k" />
  </Rule>
  <Rule ID="$(AS_PROJECT_PATH)\binaries\sampletext\4pp065_0571_p74\transfer.lst">
    <Prerequisite ID="$(AS_PROJECT_PATH)\temp\objects\sampletext\4pp065_0571_p74\iomap.br" LastWriteTime="2025-10-21 17:46:56" />
    <Prerequisite ID="$(AS_PROJECT_PATH)\temp\objects\sampletext\4pp065_0571_p74\ashwac.br" LastWriteTime="2025-10-21 17:46:54" />
    <Prerequisite ID="$(AS_PROJECT_PATH)\temp\objects\sampletext\4pp065_0571_p74\sysconf.br" LastWriteTime="2025-10-21 17:46:54" />
    <Prerequisite ID="$(AS_PROJECT_PATH)\temp\objects\sampletext\4pp065_0571_p74\asfw.br" LastWriteTime="2025-10-21 17:46:54" />
    <Prerequisite ID="$(AS_PROJECT_PATH)\temp\objects\sampletext\4pp065_0571_p74\ashwd.br" LastWriteTime="2025-10-21 17:46:54" />
    <Prerequisite ID="$(AS_PROJECT_PATH)\temp\objects\sampletext\4pp065_0571_p74\arconfig.br" LastWriteTime="2025-10-21 17:46:56" />
    <Prerequisite ID="$(AS_PROJECT_PATH)\temp\objects\sampletext\4pp065_0571_p74\udbdef.br" LastWriteTime="2018-11-12 17:25:24" />
    <Prerequisite ID="$(AS_PROJECT_PATH)\temp\objects\sampletext\4pp065_0571_p74\tcdata.br" LastWriteTime="2025-10-21 17:46:56" />
    <Prerequisite ID="$(AS_PROJECT_PATH)\temp\objects\sampletext\4pp065_0571_p74\role.br" LastWriteTime="2025-10-21 17:46:54" />
    <Prerequisite ID="$(AS_PROJECT_PATH)\temp\objects\sampletext\4pp065_0571_p74\user.br" LastWriteTime="2025-10-21 17:46:54" />
    <Prerequisite ID="$(AS_PROJECT_PATH)\temp\objects\sampletext\4pp065_0571_p74\program.br" LastWriteTime="2025-10-21 18:32:28" />
    <Prerequisite ID="$(AS_PROJECT_PATH)\temp\objects\sampletext\4pp065_0571_p74\sys_lib.br" LastWriteTime="2018-12-06 02:00:56" />
    <Prerequisite ID="$(AS_PROJECT_PATH)\temp\objects\sampletext\4pp065_0571_p74\runtime.br" LastWriteTime="2018-12-06 02:00:56" />
    <Prerequisite ID="$(AS_PROJECT_PATH)\temp\objects\sampletext\4pp065_0571_p74\asstring.br" LastWriteTime="2018-12-06 02:00:52" />
    <Prerequisite ID="$(AS_PROJECT_PATH)\temp\objects\sampletext\4pp065_0571_p74\drivelib.br" LastWriteTime="2025-10-21 17:46:50" />
    <Prerequisite ID="$(AS_PROJECT_PATH)\physical\sampletext\4pp065_0571_p74\cpu.sw" LastWriteTime="2024-11-01 14:45:14" />
    <CommandLine Parameter=" &quot;$(AS_PROJECT_PATH)\DriveControl.apj&quot; -t &quot;$(AS_PROJECT_PATH)\Temp&quot; -o &quot;$(AS_PROJECT_PATH)\Binaries&quot; -c &quot;SampleText&quot; -i &quot;C:\BrAutomation\AS45&quot; -S &quot;4PP065_0571_P74&quot; -A &quot;PP065&quot; -pil -swFiles &quot;$(AS_PROJECT_PATH)\Physical\SampleText\4PP065_0571_P74\Cpu.sw&quot; -Z &quot;UnitSystem: n.d, TextSystem: n.d, ProgrammingSystem: n.d, Connectivity: n.d, AAS: n.d&quot; -C &quot;/RT=1000 /AM=* /SDT=5 /DA=2 /REPO=11159 /ANSL=1 /PT=11169&quot; -D &quot;/IF=tcpip /LOPO=11159 /SA=1&quot; -M IA32 -T SG4" />
  </Rule>
</RuleSetOptions>